name,padrillo,M,PRS,PR,PS,Sire_Stk_Wnrs_Rnrs,MSib_StkWnrs_Offs,MomSib_Sibs_at2y,Dam_Mean_T3_BSN,Dam_Raced_STK,Dam_Placed_STK,Dam_Total_Rcs,Best_Foal_Bsn,Best_Foal_Raced_Stk,Best_Foal_Placed_Stk,Dam_Sib_Total_G1G2,DamSibs_G1G2_Total,ownCharac,father,Fathsiblings,mother,Momsiblings,uncles,maternalParents,inbreedingCoefficient,M_age_at_birth,M_season,studbook_id,birth_eday,sex,lote,haras,link,start,end_date
ABRAZADORA,SOVEREIGN (IRE),ABIDE (FR),.026632471,.65397918,.04072373,.044452887,0,10,,No,No,0,91.587898,YES,No,1,.01923077,-.048485428,.02196908,.039156273,.18646607,-.026949987,-.05748992,.031823486,.0380889541993383,21.539726,10,447011,08oct2023,1,47,EL MALLÍN,https://antoniobullrich.com/remates/copa-bullrich-abril-14h/lotes,10/04/2025,10/04/2025
AFRO HOUSE,UNCLE CHUCK (USA),ALBINIA,.008522178,.65796816,.012952265,.044452887,0,4,107.43984,No,No,10,73.905251,No,No,0,0,-.012222171,-.068622753,-.064553447,.044597074,-.10593104,-.04282745,-.0082113147,.0309940703518805,10.947946,6,443339,06sep2023,2,8,Las Retamas,https://www.fallowremates.com/plataforma-remates/clientes/remates/listado/117,09-04-2025,09-04-2025
AGEMILIANO,GOUVERNEUR MORRIS (USA),ATTICA SALE,.017443417,.73070687,.023871975,.044452887,0,3,110.28892,YES,YES,10,,No,No,0,,-.012703031,.060747832,-.027805567,.10510875,-.16154096,-.013288427,-.016691774,.0277426663515143,9.9835615,5,443198,05sep2023,2,1,LA PASIÓN,https://antoniobullrich.com/remates/gran-venta-seleccion-haras-la-pasion-14h/lotes,24/04/2025,24/04/2025
AIRPLANE MODE,ANGIOLO,SINTONIA FINA,.018032426,.69677687,.025879771,.059701491,0,3,82.336716,Yes,No,6,95.881767,No,No,0,0,-.067154348,.0072841793,.012389109,.037979826,-.041460976,.014603328,-.014918739,.0641849070525495,8.065753,4,446656,18oct2023,2,15,EL PARAISO,https://arg-sales.com/remates/view/346,26-04-2025,26-04-2025
AKI,CIMA DE TRIOMPHE (IRE),ACCESS CODE (USA),.033655815,.67095858,.050160795,.039215688,0,4,,No,No,0,112.15607,YES,YES,1,.052631579,-.1019271,.060947627,.036994129,.07704585,.06278494,-.036151495,-.029970067,.0350063014921034,9.4958906,6,445321,20oct2023,2,34,LA LEYENDA,https://antoniobullrich.com/remates/copa-bullrich-abril-14h/lotes,10/04/2025,10/04/2025
ALL ENDS WELL,ANGIOLO,SURREY HILL,.014175502,.539253,.026287293,.059701491,0,10,,No,No,0,99.884758,No,No,0,0,-.060101926,.0072841793,.012595594,-.012512743,.053437829,-.027303582,-.014918739,.0644126616825815,15.210958,10,446208,14oct2023,1,60,EL PARAISO,https://arg-sales.com/remates/view/346,26-04-2025,26-04-2025
AMOR INCONDICIONAL,ANGIOLO,FALA MINHA FILHA,.017347757,.75414264,.023003282,.059701491,0,2,,No,No,0,56.915459,No,No,0,0,.015711665,.0072841793,.017056763,-.040260851,-.16980611,.020509955,.026137836,.0261891005357029,8.9315071,6,444594,01sep2023,2,35,EL PARAISO,https://arg-sales.com/remates/view/346,26-04-2025,26-04-2025
AMOR PROPIO,ANGIOLO,SYRACUSE,.02807834,.60673374,.046277862,.059701491,.11111111,9,93.17897,No,No,16,93.479088,YES,YES,4,.060606062,.080946594,.0072841793,.02062282,-.012512743,.29684886,-.027303582,-.014918739,.0669960541708861,16.016438,10,441962,26jul2023,2,7,EL PARAISO,https://arg-sales.com/remates/view/346,26-04-2025,26-04-2025
ARISTOCRAT,ANGIOLO,PEPPER'S PIE,.021294339,.57863748,.036800828,.059701491,0,5,104.18633,YES,No,13,107.48256,YES,YES,3,.1,-.073045611,.023178726,-.0050971061,.35859013,.15960704,-.016396079,.015356299,.0452798298101698,11.252055,6,448212,13oct2023,2,44,TRIPLE ALLIANCE,https://arg-sales.com/remates/view/346,26-04-2025,26-04-2025
AROMO EN FLOR,ANGIOLO,INTERBOA,.0098786028,.58157349,.016985992,.059701491,0,9,58.747986,No,No,4,66.525642,No,No,0,0,-.10417956,.0072841793,.010771871,-.012512743,-.15388098,-.030611757,-.014918739,.0212185917007446,14.10137,10,447261,08nov2023,2,65,EL PARAISO,https://arg-sales.com/remates/view/346,26-04-2025,26-04-2025
ASPERO,NICHOLAS,RISPIDA,.010021789,.50494277,.019847376,0,0,3,59.569008,No,No,2,,No,No,0,,-.025565058,-.016891971,-.064247586,-.039935853,-.16779767,.0054916404,-.0092330873,.0398567449628899,8.8849316,4,445493,25sep2023,2,50,EL MALLÍN,https://antoniobullrich.com/remates/copa-bullrich-abril-14h/lotes,10/04/2025,10/04/2025
ASPIRING ARTIST,ANGIOLO,STALAGMITE,.0098444764,.71152341,.013835773,.059701491,0,2,87.866669,No,No,8,60.678024,No,No,0,0,.10790616,.023178726,.0024951696,-.073594145,-.18221346,.02613515,-.031979423,.0667760219439515,6.9917808,3,441986,29jul2023,2,63,TRIPLE ALLIANCE,https://arg-sales.com/remates/view/346,26-04-2025,26-04-2025
ASTRONOMIST,DANIEL BOONE (BRZ),AT THE MAIL,.015315347,.56884223,.026923718,.05479452,0,1,104.04752,Yes,No,7,,No,No,0,,-.054203212,.0043926984,-.032528736,.055532999,-.13379321,.013604123,-.0088911233,.0371596977929585,8.1972599,3,445908,03oct2023,1,16,SANTA MARÍA DE ARARAS,https://arg-sales.com/remates/view/345,10-04-2025,13-04-2025
ATANDO CABOS,ANGIOLO,WISHING WELL,.026696855,.6260587,.042642735,.059701491,.090909094,11,,No,No,0,108.02921,YES,YES,2,.026666667,-.0054455996,.0072841793,.01559341,-.012512743,.29261193,.0059994981,-.014918739,.0193620612553786,17.156164,10,445154,13sep2023,2,29,EL PARAISO,https://arg-sales.com/remates/view/346,26-04-2025,26-04-2025
BACALHAU,GOUVERNEUR MORRIS (USA),BAY HARBOR,.021869658,.75742972,.028873514,.044452887,0,5,112.6261,Yes,Yes,13,107.09312,Yes,No,0,0,-.017992347,.060747832,-.027805567,.097886525,-.02992852,-.013288427,-.016691774,.0270715222868603,11.09863,6,444409,08sep2023,2,2,LA PASIÓN,https://antoniobullrich.com/remates/gran-venta-seleccion-haras-la-pasion-14h/lotes,24/04/2025,24/04/2025
BEAUTIFUL MIND,IL MERCATO,ROMAN HOLIDAY,.019760294,.72332823,.027318571,.023809524,.33333334,3,54.265347,No,No,3,117.01186,YES,YES,2,.15384616,.01322329,-.14245474,-.011725977,-.039935853,.079848185,-.01498856,-.0092330873,.0283404617730412,8.9178085,4,444094,03sep2023,2,51,EL MALLÍN,https://antoniobullrich.com/remates/copa-bullrich-abril-14h/lotes,10/04/2025,10/04/2025
BOBBY CHARLTON,NICHOLAS,DIXIE MANIA,.0050847922,.506311,.010042824,0,0,2,87.003288,No,No,9,78.841042,No,No,0,0,-.010052919,-.029738441,-.021881633,-.043922864,-.092147842,-.0038315989,.04245194,.0308899869050947,9.934247,5,448233,20sep2023,2,45,EL MALLÍN,https://antoniobullrich.com/remates/copa-bullrich-abril-14h/lotes,10/04/2025,10/04/2025
BOHEMIA KISS,DANIEL BOONE (BRZ),BUTTERFLY KISS,.012863443,.56214243,.02288289,.05479452,0,1,71.674202,No,No,5,,No,No,0,,-.078012705,.0043926984,-.033362672,-.078593872,-.13379321,.031284075,.032165449,.0333429582096869,7.049315,2,447376,13oct2023,1,28,SANTA MARÍA DE ARARAS,https://arg-sales.com/remates/view/345,10-04-2025,13-04-2025
BOLDRO,GOUVERNEUR MORRIS (USA),BUENAS COSTUMBRES (USA),.030737335,.78644735,.039083779,.044452887,0,8,110.71237,YES,YES,10,111.19245,YES,YES,7,.1147541,.073689163,.060747832,.0755983,-.05492077,.1271103,-.053515665,.030643947,.0458965453444762,16.39452,10,441913,18jul2023,2,3,LA PASIÓN,https://antoniobullrich.com/remates/gran-venta-seleccion-haras-la-pasion-14h/lotes,24/04/2025,24/04/2025
CABO DE RONDA,STRATEGOS,ITAPERINA,.023248801,.61023915,.038097851,.125,0,8,90.964088,No,No,8,112.40025,YES,YES,5,.051546391,-.044233948,.077145875,-.051067397,-.012512743,.2671591,-.015357066,-.014918739,.0258112778246868,17.230137,10,446264,05oct2023,2,28,EL PARAISO,https://arg-sales.com/remates/view/346,26-04-2025,26-04-2025
CAIEIRAS,GOUVERNEUR MORRIS (USA),CUANTICA,.026821477,.74318743,.036089789,.044452887,.1,10,87.532829,No,No,9,118.23731,YES,YES,1,.010204081,.052531898,.060747832,.0755983,-.05492077,.17369339,-.04716821,-.057748348,.0164693133519904,18.901369,10,441896,30jul2023,1,29,LA PASIÓN,https://antoniobullrich.com/remates/gran-venta-seleccion-haras-la-pasion-14h/lotes,24/04/2025,24/04/2025
CAMBIO RADICAL,SOVEREIGN (IRE),POORLITTLEBRIDGETT (USA),.02636227,.70553559,.037364904,.044452887,.16666667,6,,No,No,0,117.77676,YES,Yes,1,.011627907,.010317445,.00048682094,.02418454,.066217944,.1156275,-.0056885877,-.013685524,.0240378486341797,14.358904,10,447001,13aug2023,2,12,EL MALLÍN,https://antoniobullrich.com/remates/copa-bullrich-abril-14h/lotes,10/04/2025,10/04/2025
CAMINO AL RIO,STRATEGOS,ESTRELLA DEL RIO,.017100874,.62100053,.027537618,.125,0,0,92.439827,No,No,2,,No,No,0,,.012185454,.077145875,-.051067397,.048434488,-.17511401,.043791059,.032416984,.0265095864770046,4.9369864,1,444609,03sep2023,2,14,EL PARAISO,https://arg-sales.com/remates/view/346,26-04-2025,26-04-2025
CAMINO DE SANTIAGO,STRATEGOS,LAPPAS,.019085344,.62501091,.030536018,.125,0,0,75.395988,No,No,3,,No,No,0,,.061552435,.077145875,.052336469,.018869378,-.17511401,.034751188,-.014918739,.0227490768138523,5.9589043,1,442439,06aug2023,2,26,EL PARAISO,https://arg-sales.com/remates/view/346,26-04-2025,26-04-2025
CANADA DRY,MANIPULATOR (USA),CORAZA MISTICA,.032865983,.69942713,.046989862,.039260969,.40000001,5,,No,No,0,121.17779,YES,YES,4,.078431375,.024322182,.060747832,-.045471519,-.05492077,.39958265,.02380643,-.010412626,.0232372004538774,10.79452,8,443170,15aug2023,1,36,LA PASIÓN,https://antoniobullrich.com/remates/gran-venta-seleccion-haras-la-pasion-14h/lotes,24/04/2025,24/04/2025
CAPA DE SEDA,STRATEGOS,SHANKYIRA,.017361715,.5379318,.032274939,.125,0,9,,No,No,0,100.79399,Yes,No,0,0,.10386699,.077145875,.052336469,-.012512743,-.096344404,-.018150769,-.014918739,.0243237858448992,12.830137,10,441956,13jul2023,1,50,EL PARAISO,https://arg-sales.com/remates/view/346,26-04-2025,26-04-2025
CAPELO HIT,HIT IT A BOMB (USA),MISS CAPELA,.033892509,.72221035,.04692886,.057971016,.125,8,101.26081,YES,YES,11,115.1338,YES,YES,5,.070422538,.018227935,-.051575616,-.046204686,-.060937375,.23325658,-.033948399,-.0039320728,.0391167900816072,19.917809,10,442815,19aug2023,2,30,FIRMAMENTO,https://antoniobullrich.com/remates/gran-venta-seleccion-haras-firmamento/lotes,22/04/2025,22/04/2025
CARDO CASTILLA,STRATEGOS,SALLY ROSE,.034994941,.61608386,.056802239,.125,.16666667,6,94.585472,No,No,5,125.7394,YES,YES,5,.13157895,.05978933,.077145875,.052336469,-.012512743,.36843756,-.012048893,-.014918739,.0235166878192103,12.057534,8,442961,07aug2023,2,5,EL PARAISO,https://arg-sales.com/remates/view/346,26-04-2025,26-04-2025
CARRY DAY,THE GREAT DAY,MISS CARRY TOP,.027334392,.57287663,.047714274,.044452887,0,7,60.481892,No,No,3,117.58815,YES,No,1,.043478262,.099330842,.040726453,.054199427,-.060937375,-.025556475,-.035925392,-.0039320728,.0394931567061576,12.909589,8,441501,04jul2023,1,35,FIRMAMENTO,https://antoniobullrich.com/remates/gran-venta-seleccion-haras-firmamento/lotes,22/04/2025,22/04/2025
CASTIGO DIVINO,STRATEGOS,RAMLA,.015244122,.59585428,.02558364,.125,0,4,72.554146,No,No,1,105.93209,Yes,No,0,0,.021000981,.077145875,-.051067397,-.040260851,-.036922917,-.013411745,-.014918739,.0198441747743345,13.082191,9,443652,29aug2023,2,36,EL PARAISO,https://arg-sales.com/remates/view/346,26-04-2025,26-04-2025
CATCH RIM,REMOTE (GB),LOCASA CATCH,.036963638,.74845415,.049386643,.081272088,0,4,95.531242,YES,No,7,90.264755,No,No,0,0,.057016283,-.051575616,.052782536,-.060937375,.096652389,.005248867,-.0039320728,.0612662567837106,11.89589,7,441832,28jul2023,2,23,FIRMAMENTO,https://antoniobullrich.com/remates/gran-venta-seleccion-haras-firmamento/lotes,22/04/2025,22/04/2025
CELESTIAL DAY,THE GREAT DAY,CELESTIAL CANDY,.028420823,.72266132,.039327998,.044452887,0,3,114.4566,YES,YES,18,97.518677,Yes,No,0,0,-.10871571,.040726453,-.049204439,-.060937375,.097970635,.012474038,-.010211222,.0295684390584938,12.252055,7,446926,30oct2023,2,2,FIRMAMENTO,https://antoniobullrich.com/remates/gran-venta-seleccion-haras-firmamento/lotes,22/04/2025,22/04/2025
CHAMPI RIM,REMOTE (GB),CHAMPI DAY,.046529446,.72084206,.064548738,.081272088,.33333334,3,91.776848,No,No,8,109.46695,YES,YES,6,.54545456,-.0011662245,-.051575616,.049394011,.028675526,.26617777,.037722588,-.0039320728,.0268637222397956,8.9424658,4,443030,30aug2023,2,3,FIRMAMENTO,https://antoniobullrich.com/remates/gran-venta-seleccion-haras-firmamento/lotes,22/04/2025,22/04/2025
CHESTER,DADDY LONG LEGS (USA),CHARMING PRINCESS,.015853466,.65832156,.024081646,.091603056,0,1,86.947884,No,No,10,,No,No,0,,.086428255,.014311358,.097552091,.017781682,-.17436801,.083713673,-.003791701,.0356943308106565,6.8109589,2,441795,21jul2023,2,7,EL CHAÑAR,https://antoniobullrich.com/remates/copa-bullrich-abril-14h/lotes,10/04/2025,10/04/2025
CIFRADO,STRATEGOS,SALICA HALO,.020119203,.69094843,.029118242,.125,0,0,95.47699,No,No,4,,No,No,0,,.058026224,.077145875,.052336469,.0040868185,-.17511401,.022029858,-.014918739,.0243898049830023,5.8410959,1,442964,08aug2023,2,41,EL PARAISO,https://arg-sales.com/remates/view/346,26-04-2025,26-04-2025
CIMENTADO,DANIEL BOONE (BRZ),CINCIDELLA,.023429841,.63334614,.036993738,.05479452,.1,10,101.21427,YES,YES,7,110.61899,YES,YES,2,.022222223,-.068488896,.0043926984,-.032949157,-.050845765,.2339718,-.021264419,-.0088911233,.0363320985052269,22.19178,10,445911,09oct2023,2,19,SANTA MARÍA DE ARARAS,https://arg-sales.com/remates/view/345,10-04-2025,13-04-2025
CISCO KID GO,STRATEGOS,CUANTAS LETRAS,.013515607,.56208241,.024045598,.125,0,9,64.128792,No,No,3,95.44664,Yes,No,0,0,-.049523264,.077145875,-.051067397,-.012512743,-.047569394,-.045446433,.032416984,.0247598466739873,18.983562,10,446244,08oct2023,2,75,EL PARAISO,https://arg-sales.com/remates/view/346,26-04-2025,26-04-2025
CITA PERFECTA,SOVEREIGN (IRE),SAVE THE DATE,.028218227,.61654109,.045768607,.044452887,.33333334,3,,No,No,0,119.44335,YES,YES,8,.66666669,-.062590301,.02196908,.039156273,-.039935853,.27141505,.013627473,-.0092330873,.034408299907227,8.09589,5,447012,16oct2023,1,4,EL MALLÍN,https://antoniobullrich.com/remates/copa-bullrich-abril-14h/lotes,10/04/2025,10/04/2025
CITADEL LOVE,CITYSCAPE (GB),LOVELY LADY,.036216229,.60606581,.059756264,.089686096,.25,4,80.425743,Yes,No,2,118.39572,YES,YES,3,.13636364,.03231281,.10817657,.06552434,.013113733,.59119016,-.00620481,.0067622475,.0222341433691327,9.8739729,6,443338,15aug2023,2,1,Las Retamas,https://www.fallowremates.com/plataforma-remates/clientes/remates/listado/117,09-04-2025,09-04-2025
CITY MERCANTIL,IL MERCATO,CITY MAP,.026669629,.6625663,.040252015,.023809524,0,3,82.597588,YES,Yes,4,84.581535,No,No,0,0,.094846457,-.070415273,-.015877604,.21330768,.061154917,-.032920651,.030643947,.0232134929392487,10.747945,6,441803,06jul2023,1,31,LA PASIÓN,https://antoniobullrich.com/remates/gran-venta-seleccion-haras-la-pasion-14h/lotes,24/04/2025,24/04/2025
CLARISIMO,STRATEGOS,INDIAN SPRINGS,.027816519,.62562478,.044461984,.125,.07692308,13,,No,No,0,122.47445,YES,YES,2,.014184397,-.00015628338,.077145875,-.051067397,-.012512743,.35229328,-.030611757,-.014918739,.0193538878447725,21.046576,10,444645,10sep2023,2,9,EL PARAISO,https://arg-sales.com/remates/view/346,26-04-2025,26-04-2025
CLAUDE MONET,SOVEREIGN (IRE),LA PIAFF,.045289766,.78784341,.057485744,.044452887,.090909094,11,67.133499,YES,No,4,116.70541,YES,YES,2,.015625,.083747536,.02196908,.039156273,-.012187745,.20285775,.053192671,.031823486,.0398676069453359,18.873972,10,444082,25jul2023,2,36,EL MALLÍN,https://antoniobullrich.com/remates/copa-bullrich-abril-14h/lotes,10/04/2025,10/04/2025
COLORADO DEL MONTE,STRATEGOS,SEDUCTIVE VOICE,.030777326,.69770658,.044112135,.125,0,4,,No,No,0,94.008904,No,No,0,0,.091525227,.077145875,.052336469,-.012512743,.10089573,.019688223,-.014918739,.0246030497728498,9.7945204,6,441973,20jul2023,2,12,EL PARAISO,https://arg-sales.com/remates/view/346,26-04-2025,26-04-2025
COLORADO EL UNO,CIMA DE TRIOMPHE (IRE),CRYSTAL IN ASPEN,.028747007,.6614477,.043460742,.039215688,0,9,55.450775,No,No,2,99.096336,Yes,Yes,0,0,-.087641418,.060947627,.037152618,-.093859859,.060092226,-.036151495,.017365655,.0559303445043042,14.583562,10,445320,14oct2023,2,32,LA LEYENDA,https://antoniobullrich.com/remates/copa-bullrich-abril-14h/lotes,10/04/2025,10/04/2025
CONSTANTINO KING,DANIEL BOONE (BRZ),CARTA PATENTE,.028783226,.66017878,.04359914,.05479452,.25,8,96.581093,YES,YES,4,123.89079,YES,YES,14,.12612613,-.11134589,.0043926984,-.034822434,-.050845765,.38058522,-.0031791814,-.0088911233,.0368454053168534,16.30411,10,447395,27oct2023,2,4,SANTA MARÍA DE ARARAS,https://arg-sales.com/remates/view/345,10-04-2025,13-04-2025
COPERNICANA,STORM EMBRUJADO,COPPER,.010814631,.40983531,.026387749,.04137931,0,4,104.24183,YES,Yes,19,,No,No,0,,-.080498576,-.11095631,-.0197694,-.072192803,-.16825259,.05018514,.017365655,.0361202689819038,10.145205,5,445317,11oct2023,1,42,LA LEYENDA,https://antoniobullrich.com/remates/copa-bullrich-abril-14h/lotes,10/04/2025,10/04/2025
CORAZON FEDERAL,STRATEGOS,SARAHRI,.030606216,.65613633,.046646122,.125,0,5,114.18948,Yes,Yes,25,97.24675,YES,Yes,1,.020833334,.077420384,.077145875,.052336469,-.012512743,.1732271,.004433535,-.014918739,.0249680527704186,11.805479,7,441961,28jul2023,2,52,EL PARAISO,https://arg-sales.com/remates/view/346,26-04-2025,26-04-2025
CRAZY TRAIN,REMOTE (GB),CRAZY NISTEL,.021149483,.73273677,.028863683,.081272088,0,6,89.232086,No,No,18,99.474747,YES,Yes,1,.015151516,.068729937,-.02788192,.080366105,-.068488032,.16006747,-.0013772175,-.0082113147,.0359987658412138,14.008219,9,443320,03aug2023,1,14,Las Retamas,https://www.fallowremates.com/plataforma-remates/clientes/remates/listado/117,09-04-2025,09-04-2025
CRUZ AL SUR,STRATEGOS,SANDRIA,.019593434,.53162384,.036855824,.125,0,5,80.340294,No,No,5,77.261307,Yes,No,0,0,.091525227,.077145875,.052336469,-.0047827139,-.036123127,.017508987,-.014918739,.0259277174300223,10.99452,6,441974,20jul2023,1,25,EL PARAISO,https://arg-sales.com/remates/view/346,26-04-2025,26-04-2025
CUERDA,SOVEREIGN (IRE),TOCADA MAL,.020357601,.68116975,.029886238,.044452887,0,3,74.504349,No,No,4,86.606125,No,No,0,0,-.0026446581,.02196908,.039156273,.0044118166,-.14260067,.021472748,-.0092330873,.0379806143319001,9.0109587,4,444674,12sep2023,1,41,EL MALLÍN,https://antoniobullrich.com/remates/copa-bullrich-abril-14h/lotes,10/04/2025,10/04/2025
CUMEIRA,IL MERCATO,CANDY POP,.012738514,.70184582,.018150017,.023809524,0,0,62.05233,No,No,1,,No,No,0,,.077215374,-.070415273,-.015877604,-.082668878,-.16154096,.037407815,-.010412626,.0273018233601761,4.7945204,2,442734,16jul2023,1,32,LA PASIÓN,https://antoniobullrich.com/remates/gran-venta-seleccion-haras-la-pasion-14h/lotes,24/04/2025,24/04/2025
DAKOTA BOONE,DANIEL BOONE (BRZ),DISNEY QUEEN,.019835651,.61736733,.032129414,.05479452,.1,10,105.38681,YES,No,20,115.17623,YES,YES,5,.05050505,-.042298496,.0043926984,-.03166645,-.050845765,.10895833,-.020658638,-.0088911233,.0396326142945327,18.052055,10,445898,28sep2023,1,6,SANTA MARÍA DE ARARAS,https://arg-sales.com/remates/view/345,10-04-2025,13-04-2025
DANIEL LODE,DANIEL BOONE (BRZ),DISTINGUIDA LODE,.030390356,.75464863,.040270869,.05479452,0,8,113.63495,YES,YES,20,109.35645,YES,YES,4,.047058824,-.034665257,-.051575616,-.095461063,-.060937375,.20890296,-.023002598,-.0039320728,.0373024017317221,15.980822,10,444119,18sep2023,2,15,FIRMAMENTO,https://antoniobullrich.com/remates/gran-venta-seleccion-haras-firmamento/lotes,22/04/2025,22/04/2025
DAY LEWIS,SOVEREIGN (IRE),LA MAS POSH,.0099550076,.60346836,.016496321,.044452887,0,5,116.19142,Yes,Yes,11,99.359787,No,No,0,0,-.06243366,.0091226101,.037525363,-.068335205,.17123732,.009393353,.0013953671,.0351042514230357,11.246575,6,446999,12oct2023,2,31,EL MALLÍN,https://antoniobullrich.com/remates/copa-bullrich-abril-14h/lotes,10/04/2025,10/04/2025
DE GAULLE,SOVEREIGN (IRE),UNE DAME,.0087192822,.55239069,.015784629,.044452887,0,6,103.83892,YES,YES,10,101.92483,No,No,0,0,-.06243366,.0091226101,.037525363,-.068335205,.18128318,-.024722055,.0013953671,.0359772637821152,14.021917,8,446998,12oct2023,2,40,EL MALLÍN,https://antoniobullrich.com/remates/copa-bullrich-abril-14h/lotes,10/04/2025,10/04/2025
DOBRAVA,GOUVERNEUR MORRIS (USA),DIXIE READY (USA),.024075251,.68136847,.035333674,.044452887,.2,5,116.60757,YES,YES,20,117.88017,YES,YES,5,.18518518,-.10262147,.060747832,-.027805567,-.05492077,.35193416,-.069992952,.030643947,.0356366923297173,17.649315,10,446417,26oct2023,1,25,LA PASIÓN,https://antoniobullrich.com/remates/gran-venta-seleccion-haras-la-pasion-14h/lotes,24/04/2025,24/04/2025
ECO HIT,HIT IT A BOMB (USA),ECOGRAFICA,.035666917,.77699238,.045903817,.057971016,0,4,87.543991,No,No,6,97.317108,YES,YES,2,.1,-.078742921,-.051575616,-.051225364,-.060937375,.19238132,.050693534,.0371245,.046093084369204,10.928767,6,446288,13oct2023,2,20,FIRMAMENTO,https://antoniobullrich.com/remates/gran-venta-seleccion-haras-firmamento/lotes,22/04/2025,22/04/2025
EGLEFINO,GOUVERNEUR MORRIS (USA),EMBRASEMENT,.022329805,.74300373,.030053424,.044452887,.11111111,9,52.436256,No,No,1,101.29697,YES,Yes,1,.020833334,-.05149138,.060747832,-.027805567,-.05492077,.14727193,.015571244,-.010412626,.0388065737843135,16.139727,10,444999,27sep2023,2,4,LA PASIÓN,https://antoniobullrich.com/remates/gran-venta-seleccion-haras-la-pasion-14h/lotes,24/04/2025,24/04/2025
EGMONT,TREASURE BEACH (GB),ESCAPE TALENT,.0068467441,.55582786,.012318102,.044444446,0,3,66.553902,No,No,1,,No,No,0,0,.088809222,.014311358,-.053019166,-.076107129,-.1725987,-.0019081794,-.051127423,.0363780711850268,8.0109587,4,441799,20jul2023,2,22,EL CHAÑAR,https://antoniobullrich.com/remates/copa-bullrich-abril-14h/lotes,10/04/2025,10/04/2025
EL JANGADERO,IL CAMPIONE (CHI),ANJALI MUDRA,.022927249,.74654752,.030711038,.090909094,0,2,85.076584,No,No,5,74.749344,No,No,0,0,.01394856,.016224772,.16495027,.030695423,-.17054044,.018027235,-.014918739,.0287412850821056,8.9643831,4,444605,02sep2023,2,32,EL PARAISO,https://arg-sales.com/remates/view/346,26-04-2025,26-04-2025
EL MAIZAL,IL CAMPIONE (CHI),RACHEL MISCOU,.035891838,.69758803,.05145134,.090909094,.14285715,7,,No,No,0,119.37213,YES,YES,6,.083333336,-.058338821,.016224772,.15754236,-.012512743,.36808005,-.020746555,-.014918739,.0339723791503275,12.183561,9,446213,13oct2023,2,37,EL PARAISO,https://arg-sales.com/remates/view/346,26-04-2025,26-04-2025
EL PACAA,IL CAMPIONE (CHI),BREDI BREDA,.030949226,.77575445,.039895646,.090909094,0,5,78.980736,No,No,8,115.20951,YES,No,3,.063829787,.070367962,.016224772,.17249681,-.012512743,-.011271149,-.028259689,.032416984,.0267630607722822,12.882192,8,442427,01aug2023,2,17,EL PARAISO,https://arg-sales.com/remates/view/346,26-04-2025,26-04-2025
EL PALITO DE OREJA,IL MERCATO,EMBESTIDA TEMERARIA,.012005636,.75068426,.015992925,.023809524,0,1,,No,No,0,,No,No,0,,-.033860326,-.070415273,-.015877604,-.082668878,-.16154096,.037407815,.030643947,.0229681783675915,6.1534247,3,444176,17sep2023,2,11,LA PASIÓN,https://antoniobullrich.com/remates/gran-venta-seleccion-haras-la-pasion-14h/lotes,24/04/2025,24/04/2025
EL PATIO ANDALUZ,IL CAMPIONE (CHI),BILBOA,.04094604,.75810474,.054011062,.090909094,.33333334,9,,No,No,0,118.68742,YES,YES,13,.11504425,-.017787367,.016224772,.1620291,-.012512743,.32574138,-.030635241,.032416984,.0263673467070475,15.909589,10,445697,20sep2023,2,3,EL PARAISO,https://arg-sales.com/remates/view/346,26-04-2025,26-04-2025
EL PATRIOTA,IL CAMPIONE (CHI),QUEEN OF MOYVORE,.029903771,.74738383,.040011264,.090909094,0,7,67.045876,No,No,4,101.24146,YES,No,1,.025641026,-.075969875,.016224772,.15602989,-.012512743,.15082532,-.02544385,.032416984,.0247162959531124,14.983562,9,446665,23oct2023,2,11,EL PARAISO,https://arg-sales.com/remates/view/346,26-04-2025,26-04-2025
EL PIRATA,IL CAMPIONE (CHI),BAKASEKELE,.037388876,.73674828,.050748508,.090909094,0,10,,No,No,0,116.23386,Yes,No,0,0,.047447592,.016224772,.16935705,-.012512743,.21326849,-.04206717,.032416984,.0277368226961698,15.89863,10,442986,14aug2023,2,43,EL PARAISO,https://arg-sales.com/remates/view/346,26-04-2025,26-04-2025
EL REAL MADRID,IL CAMPIONE (CHI),SUGAR TOWN,.021148194,.71958423,.029389463,.090909094,0,8,,No,No,0,116.40521,Yes,Yes,0,0,-.079496086,.016224772,.15588106,-.012512743,-.0082702935,-.027303582,-.014918739,.0251708411069558,14.145205,10,446671,25oct2023,2,42,EL PARAISO,https://arg-sales.com/remates/view/346,26-04-2025,26-04-2025
EL RINCON FAMOSO,IL CAMPIONE (CHI),STOP SHOPPING,.045325715,.77012676,.058854874,.090909094,.42857143,7,104.67312,YES,YES,8,127.78552,YES,YES,10,.15151516,.017474771,.016224772,.16512708,-.012512743,.39410606,-.016443297,-.014918739,.0235376613018161,12.123287,8,443647,31aug2023,2,2,EL PARAISO,https://arg-sales.com/remates/view/346,26-04-2025,26-04-2025
EL ROJO PUNZO,IL CAMPIONE (CHI),SEASKA,.029843977,.77389568,.038563307,.090909094,0,4,103.15011,YES,Yes,7,90.942596,No,No,0,0,-.042470843,.016224772,.15973763,-.012512743,.095264852,.013586346,-.014918739,.02417168543343,9.09589,5,446267,04oct2023,2,34,EL PARAISO,https://arg-sales.com/remates/view/346,26-04-2025,26-04-2025
EL ROMPECORAZONES,IL CAMPIONE (CHI),INCREDULIDAD,.039631568,.74454701,.053229101,.090909094,.2857143,7,104.7212,No,No,31,118.73995,YES,YES,8,.12307692,-.10065335,.016224772,.15485169,-.012512743,.45093331,-.030611757,-.014918739,.0194967184106645,15.257534,10,447266,06nov2023,2,6,EL PARAISO,https://arg-sales.com/remates/view/346,26-04-2025,26-04-2025
EL ZEPPELIN,IL CAMPIONE (CHI),ARYA,.02046001,.6635834,.030832613,.090909094,0,3,,No,No,0,102.09531,Yes,Yes,0,0,-.10065335,.016224772,.15485169,-.040260851,.047975346,-.0022250898,-.014918739,.0326309081920044,8.1479454,4,447264,06nov2023,2,67,EL PARAISO,https://arg-sales.com/remates/view/346,26-04-2025,26-04-2025
ELEVATED,GOUVERNEUR MORRIS (USA),ESCARMOUCHE,.0097135715,.62603474,.015516027,.044452887,0,0,,No,No,0,,No,No,0,,.10682502,-.068622753,-.023959801,-.09623614,-.11368891,.04165604,-.0082113147,.030607251015681,3.9726028,1,443323,18jul2023,1,13,Las Retamas,https://www.fallowremates.com/plataforma-remates/clientes/remates/listado/117,09-04-2025,09-04-2025
ELYSE,GOUVERNEUR MORRIS (USA),ENTRANCED (USA),.042069398,.74527586,.056448091,.044452887,.1,10,,No,No,0,120.4916,YES,YES,11,.12359551,.057821214,.060747832,.0755983,.14373305,.24909988,-.069992952,.030643947,.0325801924991538,16.454794,10,441898,27jul2023,1,26,LA PASIÓN,https://antoniobullrich.com/remates/gran-venta-seleccion-haras-la-pasion-14h/lotes,24/04/2025,24/04/2025
EMBLEMA,SOVEREIGN (IRE),ELISABETA,.034396995,.70138466,.049041554,.044452887,.16666667,6,,No,No,0,109.96186,YES,Yes,5,.0625,-.048485428,.02196908,.039156273,-.012187745,.32341695,-.026013866,-.0092330873,.0307621686224593,11.043836,7,447009,08oct2023,1,28,EL MALLÍN,https://antoniobullrich.com/remates/copa-bullrich-abril-14h/lotes,10/04/2025,10/04/2025
EMERIT HIT,HIT IT A BOMB (USA),EMERIT NISTEL,.031156776,.76246697,.040863115,.057971016,0,1,95.016472,YES,No,10,,No,No,0,,.035859019,-.051575616,-.045261174,.11133361,-.17283064,.076435857,-.0039320728,.0523073362164723,6.8246574,2,445837,09aug2023,2,29,FIRMAMENTO,https://antoniobullrich.com/remates/gran-venta-seleccion-haras-firmamento/lotes,22/04/2025,22/04/2025
EMOTION CAP,EMOTION ORPEN,CAPELA CRAF,.027722599,.61115187,.045361228,.044452887,0,0,96.483551,No,No,5,,No,No,0,,.072884232,.10724786,-.011562288,.01774893,-.17283064,.018990077,-.0039320728,.0447953540860908,5.8465753,1,441699,19jul2023,1,39,FIRMAMENTO,https://antoniobullrich.com/remates/gran-venta-seleccion-haras-firmamento/lotes,22/04/2025,22/04/2025
EMOTION KEY,EMOTION ORPEN,HONEY KEY,.032317113,.72147024,.044793412,.044452887,0,0,97.877289,No,No,12,,No,No,0,,-.015271068,.10724786,-.011562288,-.010444805,-.17283064,.1256761,-.0039320728,.0265123552453588,6.1178083,1,443268,07sep2023,2,32,FIRMAMENTO,https://antoniobullrich.com/remates/gran-venta-seleccion-haras-firmamento/lotes,22/04/2025,22/04/2025
EMOTION OLE,EMOTION ORPEN,SUPER OLA,.02729962,.68735129,.03971713,.044452887,0,0,,No,No,0,,No,No,0,,.067594916,.10724786,-.011562288,-.088685483,-.17283064,.031408831,-.0039320728,.03865846098779,5.0082192,1,441700,22jul2023,2,31,FIRMAMENTO,https://antoniobullrich.com/remates/gran-venta-seleccion-haras-firmamento/lotes,22/04/2025,22/04/2025
EMPEÑOSO RIM,REMOTE (GB),EMPEÑOSA HOLIDAY,.037381601,.7697866,.048560992,.081272088,.2,5,77.116997,No,No,8,106.70782,YES,YES,3,.078947365,-.024086595,-.051575616,.048741102,-.060937375,.14732301,.026281573,-.0039320728,.0238590419030515,10.986301,6,444130,12sep2023,2,9,FIRMAMENTO,https://antoniobullrich.com/remates/gran-venta-seleccion-haras-firmamento/lotes,22/04/2025,22/04/2025
EMPRESA,IL CAMPIONE (CHI),SETHUNYA,.030992366,.69149262,.044819519,.090909094,0,5,88.998657,No,No,6,86.108109,No,No,0,0,.050973803,.016224772,.17051457,-.012512743,.10140455,.014603328,-.014918739,.0218501397794171,13.019178,9,442974,12aug2023,1,24,EL PARAISO,https://arg-sales.com/remates/view/346,26-04-2025,26-04-2025
EMPRESS MORRIS,GOUVERNEUR MORRIS (USA),EMPRESS DIVA,.0088071041,.54945153,.016028902,.044452887,0,3,,No,No,0,92.878113,No,No,0,0,.12248632,.01228483,.049206018,-.064717248,.086366326,-.022500884,-.034723625,.0229539584233862,8.936986,6,441638,21jul2023,1,10,EL ARROYO,https://antoniobullrich.com/remates/copa-bullrich-abril-14h/lotes,10/04/2025,10/04/2025
EN LAS VEGAS,IL CAMPIONE (CHI),BERABRA,.024188042,.65252626,.037068304,.090909094,0,6,64.081375,No,No,6,117.51885,YES,No,2,.03508772,-.045997053,.016224772,.15910085,-.012512743,.079593331,-.04207626,.032416984,.0293673481082806,15.956164,10,446259,06oct2023,1,23,EL PARAISO,https://arg-sales.com/remates/view/346,26-04-2025,26-04-2025
ENCUESTA,IL CAMPIONE (CHI),SUSKEHANNA,.018436089,.637335,.028926844,.090909094,0,9,111.98588,Yes,No,17,103.80413,Yes,No,0,0,-.05481261,.016224772,.15800495,-.012512743,-.04535453,-.027303582,-.014918739,.0220822189276078,16.20822,10,446217,11oct2023,1,22,EL PARAISO,https://arg-sales.com/remates/view/346,26-04-2025,26-04-2025
ENTER THE CLUB,THE GREAT DAY,ESPLENDIDA HALO,.021340745,.7412793,.028789073,.044452887,0,10,109.39367,Yes,Yes,23,107.15041,YES,No,2,.02247191,.068729937,.064420149,.0012082607,-.068488032,.096729182,.047146857,-.0082113147,.0328013330436079,16.717808,10,443319,03aug2023,2,3,Las Retamas,https://www.fallowremates.com/plataforma-remates/clientes/remates/listado/117,09-04-2025,09-04-2025
ENTERPRISE VALUE,IL CAMPIONE (CHI),HIGHWAY TO GLORY,.028142942,.70006287,.040200591,.090909094,0,6,93.694504,No,No,8,91.026505,No,No,0,0,.14123937,.032119319,.15592112,-.045846038,.21798684,-.032265443,.056412876,.0366855871361622,14.038356,8,441981,15jul2023,2,71,TRIPLE ALLIANCE,https://arg-sales.com/remates/view/346,26-04-2025,26-04-2025
ENVIDO,SOVEREIGN (IRE),RETRUCALA,.027385646,.68324405,.040081792,.044452887,0,5,,No,No,0,80.221626,Yes,Yes,0,0,.076695114,.02196908,.039156273,-.039935853,.074276775,-.028064009,-.0092330873,.0278964690805878,9.8000002,7,444083,29jul2023,2,49,EL MALLÍN,https://antoniobullrich.com/remates/copa-bullrich-abril-14h/lotes,10/04/2025,10/04/2025
ENYA,HI HAPPY,ENUMERADA,.011999077,.3934347,.030498268,.073394492,0,7,,No,No,0,67.849503,No,No,0,0,.065646052,.23039906,.078535214,-.014634375,-.054727376,-.0097430758,.0067622475,.0532772254082374,11.947946,10,443328,01aug2023,1,12,Las Retamas,https://www.fallowremates.com/plataforma-remates/clientes/remates/listado/117,09-04-2025,09-04-2025
EQUITY PLAY,IL CAMPIONE (CHI),HARLAN CHOPERA,.021229537,.6205554,.034210544,.090909094,0,5,85.132858,No,No,7,87.668121,No,No,0,0,.060287297,.032119319,.15003134,.060532726,.03647843,.056667466,.015356299,.0251691071534879,11.071233,6,442956,18aug2023,2,8,TRIPLE ALLIANCE,https://arg-sales.com/remates/view/346,26-04-2025,26-04-2025
ERA DIGITAL,IL CAMPIONE (CHI),ANGIOLINA,.015285673,.50939125,.030007726,.090909094,0,3,112.40025,Yes,No,22,,No,No,0,,.0068961382,.016224772,.16390122,.045092613,-.17511401,.0010912158,-.014918739,.0327106373579227,8.8767128,4,444623,06sep2023,1,21,EL PARAISO,https://arg-sales.com/remates/view/346,26-04-2025,26-04-2025
ERTO,UNCLE CHUCK (USA),ERSILIA,.0086078839,.56381971,.015267086,.044452887,0,1,,No,No,0,,No,No,0,,-.022199452,-.044072285,-.11835261,-.091585077,-.17070119,.051946864,-.0063206535,.0283128586888779,6.1315069,2,445029,16sep2023,2,21,SANTA INÉS,https://antoniobullrich.com/remates/copa-bullrich-abril-14h/lotes,10/04/2025,10/04/2025
ES BOLNOU,IL MERCATO,EUNICE WAY,.011107636,.72856563,.015245896,.023809524,0,1,91.16394,YES,YES,10,,No,No,0,,-.00036129355,-.070415273,-.015877604,-.035724472,-.16154096,.019460484,-.057748348,.0634038932075782,6.0356164,2,443204,29aug2023,2,12,LA PASIÓN,https://antoniobullrich.com/remates/gran-venta-seleccion-haras-la-pasion-14h/lotes,24/04/2025,24/04/2025
ES MOTEADO,MOOTASADIR (GB),PLACIDA STRIPES,.014067302,.65237778,.021563122,.044452887,0,4,114.67113,Yes,Yes,37,83.805519,Yes,No,0,0,-.028365999,.016224772,-.092168458,-.012512743,-.033273757,.0031578317,-.014918739,.0245715673318045,16.917809,10,447996,26sep2023,2,66,EL PARAISO,https://arg-sales.com/remates/view/346,26-04-2025,26-04-2025
ES SOÑADO,EQUAL STRIPES,ES SERENITA,.010666685,.55512571,.0192149,.072345391,0,1,103.94267,Yes,No,7,,No,No,0,,.00071430206,-.076110907,.012244493,.12508318,-.17436801,.063674919,.037264872,.0247050780671998,6.9780822,2,443832,26aug2023,2,3,EL CHAÑAR,https://antoniobullrich.com/remates/copa-bullrich-abril-14h/lotes,10/04/2025,10/04/2025
ESCARAPELA ARGENTINA,IL CAMPIONE (CHI),ASCENSION,.024775643,.69202662,.035801575,.090909094,0,1,89.362221,No,No,19,,No,No,0,,.091525227,.016224772,.17330892,.0091543123,-.17511401,.021105956,.026137836,.0450168107136051,8.0520544,2,441971,20jul2023,1,46,EL PARAISO,https://arg-sales.com/remates/view/346,26-04-2025,26-04-2025
ESPINO ALBAR,IL CAMPIONE (CHI),SILBADA,.026713198,.74896252,.035666935,.090909094,.14285715,7,112.94751,YES,No,10,116.12299,YES,Yes,2,.03125,-.053049475,.016224772,.15847178,-.012512743,.092805803,-.027303582,-.014918739,.0320803354934469,15.049315,10,446219,10oct2023,2,18,EL PARAISO,https://arg-sales.com/remates/view/346,26-04-2025,26-04-2025
ESTADO MAYOR,IL CAMPIONE (CHI),MADRIGALIA,.028862702,.67054129,.043043885,.090909094,0,4,,No,No,0,105.54214,Yes,No,0,0,-.0089718401,.016224772,.16270237,-.040260851,.14533433,-.01181056,.032416984,.0513612038275824,8.0219173,5,445160,15sep2023,2,69,EL PARAISO,https://arg-sales.com/remates/view/346,26-04-2025,26-04-2025
ESTAMPILLADO,GOUVERNEUR MORRIS (USA),ESTAMPIDA,.018563276,.75912052,.024453662,.044452887,0,0,77.933685,No,No,2,,No,No,0,,.070162952,.060747832,.0755983,-.082668878,-.16154096,-.003376089,-.010412626,.0342513499908819,5.7726026,1,441905,20jul2023,2,5,LA PASIÓN,https://antoniobullrich.com/remates/gran-venta-seleccion-haras-la-pasion-14h/lotes,24/04/2025,24/04/2025
EXCELSO,DADDY LONG LEGS (USA),EXCHANGELY,.015957249,.66006446,.02417529,.091603056,0,6,116.59521,YES,YES,18,95.522247,No,No,0,0,.091190159,.014311358,.097842902,-.048359022,-.0056221932,-.021577999,-.003791701,.0369363881291065,13.021917,8,441797,19jul2023,2,15,EL CHAÑAR,https://antoniobullrich.com/remates/copa-bullrich-abril-14h/lotes,10/04/2025,10/04/2025
EXCITEMENT,IL CAMPIONE (CHI),SWEETEST DREAM,.01992641,.7133134,.027935,.090909094,0,2,115.22004,YES,YES,13,,No,No,0,,-.068283677,.032119319,.14000066,.35859013,-.18575205,.032778855,-.031979423,.0279391889453109,8.0602741,3,446270,11oct2023,2,1,TRIPLE ALLIANCE,https://arg-sales.com/remates/view/346,26-04-2025,26-04-2025
FABIUS MAXIMUS,DANIEL BOONE (BRZ),FUNICULA,.014786122,.59398967,.024892895,.05479452,0,3,92.209335,YES,No,8,,No,No,0,0,-.080393612,.0043926984,-.033634596,.038767137,-.1320239,.0070275106,-.0088911233,.0357357164684799,10.024657,6,447379,14oct2023,2,18,SANTA MARÍA DE ARARAS,https://arg-sales.com/remates/view/345,10-04-2025,13-04-2025
FEL FEM,DANIEL BOONE (BRZ),FELICIDAD IS BACK,.01538566,.57422268,.026793892,.05479452,0,6,94.434013,YES,YES,11,79.052261,No,No,0,0,-.058965147,.0043926984,-.032669656,-.050845765,.013042003,-.024996825,-.0088911233,.0202593305511982,14.180822,10,445909,05oct2023,1,22,SANTA MARÍA DE ARARAS,https://arg-sales.com/remates/view/345,10-04-2025,13-04-2025
FERRANDINHO,GOUVERNEUR MORRIS (USA),FORTEZZA,.027173521,.77699596,.034972537,.044452887,0,3,97.540985,YES,YES,7,93.080971,No,No,0,0,.041953266,.060747832,-.027805567,-.015605442,.063317686,.027620107,.030643947,.0354740418033543,8.9917812,5,442347,05aug2023,2,6,LA PASIÓN,https://antoniobullrich.com/remates/gran-venta-seleccion-haras-la-pasion-14h/lotes,24/04/2025,24/04/2025
FESTIVE BOONE,DANIEL BOONE (BRZ),FEELINGS,.017822465,.539913,.033009883,.05479452,0,4,82.170486,No,No,4,84.876945,No,No,0,0,-.078012705,.0043926984,-.033362672,-.078593872,.092741907,.078915462,-.0088911233,.0338628757017432,9.191781,5,445913,13oct2023,1,33,SANTA MARÍA DE ARARAS,https://arg-sales.com/remates/view/345,10-04-2025,13-04-2025
FESTIVE LADY,DANIEL BOONE (BRZ),FELICIDAD ALWAYS,.012280777,.55148995,.02226836,.05479452,0,1,72.939049,No,No,3,,No,No,0,,-.037536621,.0043926984,-.031372465,-.078593872,-.13379321,.013604123,-.0088911233,.0297820085652347,7.2219176,3,445892,26sep2023,1,40,SANTA MARÍA DE ARARAS,https://arg-sales.com/remates/view/345,10-04-2025,13-04-2025
FIRST QUEEN,VILLAGE KING,FELURIAN,.011665835,.39892802,.029242957,,0,0,77.221558,No,No,2,,No,No,0,,.13389134,.024572968,-.027762629,-.078593872,-.13379321,-.012464341,-.0088911233,.0308629158425902,4.9095888,1,441762,16jul2023,1,44,SANTA MARÍA DE ARARAS,https://arg-sales.com/remates/view/345,10-04-2025,13-04-2025
FLETCHER,GERSHWIN (USA),FANCY KITTY,.0313012,.83777565,.03736227,.044452887,0,3,91.251465,No,No,8,102.60576,No,No,0,0,.05958432,.060747832,.035004646,.034692131,-.024211228,.030671045,.030643947,.0297521863831207,9.7561646,6,443078,26jul2023,2,24,LA PASIÓN,https://antoniobullrich.com/remates/gran-venta-seleccion-haras-la-pasion-14h/lotes,24/04/2025,24/04/2025
FOGUEADO,SOVEREIGN (IRE),CURTIDA NISTEL,.011258602,.60779399,.018523714,.044452887,0,4,112.52747,Yes,Yes,27,95.29184,No,No,0,0,0,0,0,0,0,0,0,.0392247411655262,13.939726,9,441733,02aug2023,2,19,EL MALLÍN,https://antoniobullrich.com/remates/copa-bullrich-abril-14h/lotes,10/04/2025,10/04/2025
FOREVER BOMB,HIT IT A BOMB (USA),TIZ FOREVER (USA),.025052728,.76105499,.03291842,.057971016,0,2,,No,No,0,92.265175,No,No,0,0,-.045243889,-.051575616,-.048892945,-.088685483,.063304886,-.068276085,.0371245,.0344263038423378,6.4383564,3,444430,24sep2023,2,11,FIRMAMENTO,https://antoniobullrich.com/remates/gran-venta-seleccion-haras-firmamento/lotes,22/04/2025,22/04/2025
FUERTE Y CLARO,DANIEL BOONE (BRZ),FUNK GIRL,.015787136,.68098277,.023182871,.05479452,0,7,97.661537,YES,YES,13,87.685661,No,No,0,0,-.04706043,.0043926984,-.032101221,-.050845765,-.079684712,-.033899162,-.0088911233,.0357357164684799,14.194521,9,445902,30sep2023,2,34,SANTA MARÍA DE ARARAS,https://arg-sales.com/remates/view/345,10-04-2025,13-04-2025
FUNKADELIC,TREASURE BEACH (GB),FLOWER INDY,.011292771,.67111874,.016826786,.044444446,0,4,,No,No,0,95.968147,No,No,0,0,.044920504,-.068622753,-.046733052,-.09623614,.013385467,.0024816096,.032845259,.0382396612185403,10.09589,7,443332,13aug2023,2,5,Las Retamas,https://www.fallowremates.com/plataforma-remates/clientes/remates/listado/117,09-04-2025,09-04-2025
FUTURE MIND,DANIEL BOONE (BRZ),FUZARCA,.026247136,.69942445,.037526764,.05479452,0,4,91.245789,YES,YES,6,97.17411,YES,No,2,.1,.00055849552,.0043926984,-.029535748,-.050845765,.13521346,.015163343,-.0088911233,.0420548139372841,9.9506845,6,443686,10sep2023,2,7,SANTA MARÍA DE ARARAS,https://arg-sales.com/remates/view/345,10-04-2025,13-04-2025
FUZZY PET,DANIEL BOONE (BRZ),FUZZY LOGIC,.022005092,.59166312,.037191927,.05479452,0,3,97.611397,Yes,Yes,9,102.17324,Yes,No,0,0,-.037536621,.0043926984,-.031372465,.025727026,.092219159,.015163343,-.0088911233,.0420548139372841,11.126027,7,445891,26sep2023,1,21,SANTA MARÍA DE ARARAS,https://arg-sales.com/remates/view/345,10-04-2025,13-04-2025
GAROUPA,GOUVERNEUR MORRIS (USA),GIUDECCA,.016017795,.68664628,.023327578,.044452887,0,1,,No,No,0,,No,No,0,,.04019016,.060747832,-.027805567,-.082668878,-.16154096,.060289852,.030643947,.0326854486411321,4.9863014,2,442346,06aug2023,1,27,LA PASIÓN,https://antoniobullrich.com/remates/gran-venta-seleccion-haras-la-pasion-14h/lotes,24/04/2025,24/04/2025
GAZILER,IL MERCATO,GOLDEN YOGA,.028466342,.719935,.039540157,.023809524,0,4,119.68214,YES,No,11,104.74236,YES,No,1,.039999999,-.062070012,-.070415273,-.015877604,.28883931,.085711285,.010920532,.030643947,.0206988738209475,10.071233,5,445576,03oct2023,2,13,LA PASIÓN,https://antoniobullrich.com/remates/gran-venta-seleccion-haras-la-pasion-14h/lotes,24/04/2025,24/04/2025
GOD LEVEL,HI HAPPY,LIGHTLY EXPRESSED (USA),.026285104,.68236685,.038520489,.073394492,0,9,,No,No,0,104.40372,No,No,0,0,-.031269729,.21656309,.050594598,.13016579,.089405678,-.0478452,-.0082113147,.0275531141669489,19.536985,10,443343,14sep2023,2,4,Las Retamas,https://www.fallowremates.com/plataforma-remates/clientes/remates/listado/117,09-04-2025,09-04-2025
GOMELO,IL MERCATO,GALLIZI,.011052974,.74729669,.014790611,.023809524,0,2,80.420937,No,No,6,70.472702,No,No,0,0,-.05149138,-.070415273,-.015877604,-.082668878,-.15873669,.010081984,.030643947,.0239558992798266,8.161644,3,445000,27sep2023,2,14,LA PASIÓN,https://antoniobullrich.com/remates/gran-venta-seleccion-haras-la-pasion-14h/lotes,24/04/2025,24/04/2025
GOODNIGHT BABY,DADDY LONG LEGS (USA),GOODNIGHT KISS,.0065261745,.44455361,.014680287,.091603056,0,0,,No,No,0,,No,No,0,,.045952201,.014311358,.093406767,-.076107129,-.17436801,-.059384398,-.003791701,.0308423414189747,5.8410959,1,442042,07aug2023,1,26,EL CHAÑAR,https://antoniobullrich.com/remates/copa-bullrich-abril-14h/lotes,10/04/2025,10/04/2025
GRAMMA,IL MERCATO,GRECIA CLASICA,.010519804,.67155254,.0156649,.023809524,0,1,,No,No,0,,No,No,0,,.027848423,-.070415273,-.015877604,-.082668878,-.16154096,.0054992065,-.010412626,.0604875420540338,4.9561644,2,442729,13aug2023,1,30,LA PASIÓN,https://antoniobullrich.com/remates/gran-venta-seleccion-haras-la-pasion-14h/lotes,24/04/2025,24/04/2025
GRAND DOHA,IL MERCATO,GARBARINA,.013246311,.71394807,.018553605,.023809524,0,1,96.555313,No,No,7,,No,No,0,,.022559077,-.070415273,-.015877604,-.015605442,-.16154096,.037407815,-.010412626,.0359039180948457,5.8821917,2,443082,16aug2023,1,33,LA PASIÓN,https://antoniobullrich.com/remates/gran-venta-seleccion-haras-la-pasion-14h/lotes,24/04/2025,24/04/2025
GROOVE DEALER,SEAHENGE (USA),GOING,.013587508,.81389308,.016694464,.027522936,0,7,88.31044,No,No,9,106.26517,Yes,Yes,0,0,.013968229,-.02788192,-.047655642,-.068488032,.05111704,-.03515783,-.0082113147,.034071884387231,15.019178,10,443335,26aug2023,2,7,Las Retamas,https://www.fallowremates.com/plataforma-remates/clientes/remates/listado/117,09-04-2025,09-04-2025
HAPPY FRANKIE,TREASURE BEACH (GB),HAPPY GIRL,.0074476781,.58388567,.012755371,.044444446,0,3,73.444901,No,No,1,89.201065,No,No,0,0,-.11833292,.014311358,-.059377521,-.076107129,-.040714979,.0092480406,.037264872,.0396944630047074,10.063014,6,444981,15oct2023,2,17,EL CHAÑAR,https://antoniobullrich.com/remates/copa-bullrich-abril-14h/lotes,10/04/2025,10/04/2025
HARRY EL SUCIO,DANIEL BOONE (BRZ),HORA UNIVERSAL,.019246131,.64367658,.029900314,.05479452,0,4,91.561668,No,No,5,86.885918,No,No,0,0,-.011346221,.0043926984,-.030007012,-.043115735,.0035365224,-.0031422824,-.0088911233,.0388384175676038,11.008219,7,444241,15sep2023,2,43,SANTA MARÍA DE ARARAS,https://arg-sales.com/remates/view/345,10-04-2025,13-04-2025
HIGH CITY,CITYSCAPE (GB),HIGHFEVER,.044354789,.70588475,.062835738,.089686096,0,5,84.204308,No,No,5,96.960274,YES,No,1,.033333335,.053490072,.070646912,.017647505,-.060937375,.22332126,.00035635382,-.0039320728,.0289599999687198,11.030137,7,441834,30jul2023,2,27,FIRMAMENTO,https://antoniobullrich.com/remates/gran-venta-seleccion-haras-firmamento/lotes,22/04/2025,22/04/2025
HIT JULIETTE,HIT IT A BOMB (USA),TOP JULIETTE,.039547849,.68740743,.057531893,.057971016,.33333334,6,112.32446,YES,YES,14,115.11469,YES,Yes,1,.035714287,.00059688091,-.051575616,-.047484934,-.060937375,.41635668,-.030740336,-.0039320728,.0439129615224374,12.854795,8,443032,29aug2023,1,33,FIRMAMENTO,https://antoniobullrich.com/remates/gran-venta-seleccion-haras-firmamento/lotes,22/04/2025,22/04/2025
HURRY AND HURRY,DANIEL BOONE (BRZ),HONEY HAPPY,.031615041,.66698444,.047399968,.05479452,.25,8,66.401604,No,No,1,125.85952,YES,YES,20,.21978022,-.089917421,.0043926984,-.034036957,-.050845765,.37628618,.0022233985,.032165449,.0383721485559363,15.057534,10,447384,18oct2023,2,3,SANTA MARÍA DE ARARAS,https://arg-sales.com/remates/view/345,10-04-2025,13-04-2025
JAZZ FUNK,FORTIFY (USA),JASMINKA,.029692151,.73462868,.040417902,.12832929,0,1,114.16502,YES,YES,23,,No,No,0,,-.026507854,-.068622753,.27001435,.27785641,-.11368891,.10340375,-.0082113147,.0500708712206688,9.9917812,3,443321,12sep2023,2,2,Las Retamas,https://www.fallowremates.com/plataforma-remates/clientes/remates/listado/117,09-04-2025,09-04-2025
JAZZ HIT,HIT IT A BOMB (USA),JAZZ DAY,.041852102,.80250454,.052151859,.057971016,0,2,109.6857,Yes,No,11,88.478691,Yes,No,0,0,.049963862,-.051575616,-.043897569,.082021445,.051838845,.055033356,-.0039320728,.0460336056821689,8.9260273,4,442418,01aug2023,2,26,FIRMAMENTO,https://antoniobullrich.com/remates/gran-venta-seleccion-haras-firmamento/lotes,22/04/2025,22/04/2025
JESSIE JAY,DANIEL BOONE (BRZ),JOLIE JOAN,.024720803,.60440832,.04090083,.05479452,.16666667,6,85.507751,No,No,10,112.6628,YES,YES,1,.034482758,-.0018224716,.0043926984,-.02969376,-.050845765,.17857936,-.0045099072,.032165449,.0383633676538011,12.961644,9,444239,11sep2023,1,23,SANTA MARÍA DE ARARAS,https://arg-sales.com/remates/view/345,10-04-2025,13-04-2025
JOY MUSICA,FORTIFY (USA),MELODIAN GIRL,.023204699,.5346849,.043398831,.12832929,.125,8,91.115898,No,No,8,110.02496,YES,YES,1,.019607844,.042261779,.042975992,.18987232,.013874054,.27155733,-.031747974,-.045765936,.0246026214153972,15.00274,10,441793,01aug2023,1,1,EL ARROYO,https://antoniobullrich.com/remates/copa-bullrich-abril-14h/lotes,10/04/2025,10/04/2025
JUARA,STORM EMBRUJADO,MENTAWAI,.0096476115,.54939777,.01756034,.04137931,0,2,,No,No,0,,No,No,0,,.0096970797,-.18319558,-.050831676,-.039935853,-.16779767,.053724203,-.0092330873,.0292576210049447,6.8136988,4,445494,05sep2023,1,46,EL MALLÍN,https://antoniobullrich.com/remates/copa-bullrich-abril-14h/lotes,10/04/2025,10/04/2025
JUST DANCE,DANIEL BOONE (BRZ),JOLIE GIGI,.01185972,.42104197,.028167548,.05479452,0,3,56.662514,No,No,1,,No,No,0,,.043415487,.0043926984,-.028237276,-.078593872,-.13379321,.033468973,.032165449,.0392210377904121,8.90411,5,443377,23aug2023,1,32,SANTA MARÍA DE ARARAS,https://arg-sales.com/remates/view/345,10-04-2025,13-04-2025
LA BUENA TARDE,LE BLUES,REAL LIFE,.014869479,.61079824,.024344338,.070484579,0,8,,No,No,0,98.902283,No,No,0,0,-.053049475,-.11493833,.048350766,-.012512743,.1016748,-.043628588,-.014918739,.0272925308745471,12.912329,10,446222,10oct2023,1,48,EL PARAISO,https://arg-sales.com/remates/view/346,26-04-2025,26-04-2025
LA MAS BONITA,DADDY LONG LEGS (USA),LA SERENITA,.026353609,.69147575,.038112123,.091603056,0,1,89.015236,No,No,11,,Yes,No,0,0,.069761664,.014311358,.095292121,.051923066,.14276387,.012436889,.037264872,.0473242949483392,7.9068494,2,441796,28jul2023,1,25,EL CHAÑAR,https://antoniobullrich.com/remates/copa-bullrich-abril-14h/lotes,10/04/2025,10/04/2025
LAGO MASCARDI,LE BLUES,ASTURIANISIMA,.014351515,.71221846,.02015044,.070484579,0,1,114.60909,YES,Yes,14,,No,No,0,,-.035418421,-.11493833,.05140011,.060334302,-.17511401,.027216058,-.014918739,.0302676654882816,7.0109587,2,445720,30sep2023,2,30,EL PARAISO,https://arg-sales.com/remates/view/346,26-04-2025,26-04-2025
LAW AND ORDER,LE BLUES,SARITA HALO,.012496854,.73016608,.017115084,.070484579,0,0,94.949722,YES,No,7,,No,No,0,,-.083022296,-.11493833,.045303419,.026802585,-.17511401,.022029858,-.014918739,.0256830818689195,6.0931506,1,447271,27oct2023,2,33,EL PARAISO,https://arg-sales.com/remates/view/346,26-04-2025,26-04-2025
LE ROMANO,LE BLUES,ROMAGNA,.027688453,.69516164,.039830238,.070484579,.16666667,6,112.90681,Yes,Yes,20,123.36954,YES,YES,6,.090909094,-.040707737,-.11493833,.050951555,-.012512743,.41598526,-.04559017,-.014918739,.0341799762172741,12.964383,8,445728,03oct2023,2,4,EL PARAISO,https://arg-sales.com/remates/view/346,26-04-2025,26-04-2025
LEBRON BLUES,LE BLUES,ALISON,.013345359,.69926256,.019084904,.070484579,0,1,89.539658,No,No,10,,No,No,0,,-.021313578,-.11493833,.052541286,.0066835545,-.17511401,.034417879,-.014918739,.0252178159844334,7.1041098,2,445701,22sep2023,2,20,EL PARAISO,https://arg-sales.com/remates/view/346,26-04-2025,26-04-2025
LENINGRAD,LE BLUES,ADELINE MISCOU,.016104938,.69195992,.023274381,.070484579,0,3,27.703909,No,No,1,102.92714,No,No,0,0,-.044233948,-.11493833,.049849346,-.040260851,.048616841,-.00042710826,-.014918739,.030182798343958,6.9397259,4,446266,05oct2023,2,54,EL PARAISO,https://arg-sales.com/remates/view/346,26-04-2025,26-04-2025
LET IT RIP,LE BLUES,HELLO DOLLY,.029266939,.77040201,.037989177,.070484579,0,2,102.87534,No,No,5,100.44576,No,No,0,0,.012185454,-.11493833,.053949237,.030695423,.049351171,.14051567,.032416984,.0375070285372203,7.9917808,3,444590,03sep2023,2,40,EL PARAISO,https://arg-sales.com/remates/view/346,26-04-2025,26-04-2025
LIBERTADORES,LE BLUES,MILEY MOYVORE,.019320557,.73700047,.026215121,.070484579,0,0,86.840508,No,No,9,,No,No,0,,.11620873,-.11493833,.062253058,.064060047,-.17511401,-.028126428,.032416984,.0365763759073161,6.9671235,2,441987,06jul2023,2,31,EL PARAISO,https://arg-sales.com/remates/view/346,26-04-2025,26-04-2025
LIMITED TIME,LE BLUES,ALL PURPOSE,.0070233438,.57480788,.012218594,.070484579,0,3,,No,No,0,96.930687,Yes,No,0,0,-.058759928,-.099043787,.031411663,-.073594145,.035908848,.0035501383,-.031979423,.0379975433224899,7.9808221,5,446276,07oct2023,2,77,EL PARAISO,https://arg-sales.com/remates/view/346,26-04-2025,26-04-2025
LINGUADO,COSMIC TRIGGER,LE CHAT ASSASSIN,.012973791,.64107937,.020237418,.076271184,0,4,85.831406,Yes,No,6,70.077133,No,No,0,0,-.088516623,-.11115611,.070382699,.073812477,-.15566348,.016343683,.030643947,.0413604613568168,9.2630138,5,445597,18oct2023,2,23,LA PASIÓN,https://antoniobullrich.com/remates/gran-venta-seleccion-haras-la-pasion-14h/lotes,24/04/2025,24/04/2025
LISTEN,LE BLUES,SCARY MARY,.015595369,.71320128,.021866715,.070484579,.16666667,6,90.217865,No,No,10,106.20182,YES,YES,7,.20588236,.050763488,-.099043787,.03839004,-.045846038,.23787342,-.02319829,-.031979423,.0287980520588462,12.6,8,443666,22aug2023,2,10,TRIPLE ALLIANCE,https://arg-sales.com/remates/view/346,26-04-2025,26-04-2025
LITIGATOR,LE BLUES,BLUE MORNING (USA),.018329851,.55621141,.032954827,.070484579,0,9,102.89352,Yes,No,5,105.11031,No,No,0,0,-.060101926,-.11493833,.047516853,-.012512743,.22546235,-.053436499,.073473558,.0316858750011306,16.567123,10,446210,14oct2023,2,56,EL PARAISO,https://arg-sales.com/remates/view/346,26-04-2025,26-04-2025
LOBITO DE MAR,IL MERCATO,LE CHAT VIOLET,.012776206,.72610611,.017595509,.023809524,0,1,103.61108,No,No,2,,No,No,0,,-.037386537,-.070415273,-.015877604,.0060264617,-.16154096,.0048753023,.030643947,.023501089893216,7.178082,2,444172,19sep2023,2,15,LA PASIÓN,https://antoniobullrich.com/remates/gran-venta-seleccion-haras-la-pasion-14h/lotes,24/04/2025,24/04/2025
LONDON PRIDE,LE BLUES,FUN SHOP,.019440578,.67447668,.028823202,.070484579,0,11,,No,No,0,111.566,No,No,0,0,-.079496086,-.11493833,.045697421,-.012512743,.17422959,-.028386567,.032416984,.0163327161135385,18.161644,10,447272,25oct2023,2,27,EL PARAISO,https://arg-sales.com/remates/view/346,26-04-2025,26-04-2025
LONG WAY DOWN,TREASURE BEACH (GB),LA ETERNA FE,.012106203,.6518212,.018572889,.044444446,0,2,72.596237,No,No,1,84.372246,No,No,0,0,.03231281,-.054786786,-.024393082,-.014634375,.038694948,.016384184,.0067622475,.0364163004851434,8.0602741,4,443333,15aug2023,2,6,Las Retamas,https://www.fallowremates.com/plataforma-remates/clientes/remates/listado/117,09-04-2025,09-04-2025
LOOK DIFFERENT,HI HAPPY,LOOK LOVELY,.034356836,.69026428,.049773455,.073394492,0,5,109.50027,YES,Yes,11,106.24011,Yes,Yes,0,0,-.022199452,.24111356,-.0034117252,-.063836969,.17646982,.00056868047,.034735918,.040240585221909,12.035617,7,445030,16sep2023,2,2,SANTA INÉS,https://antoniobullrich.com/remates/copa-bullrich-abril-14h/lotes,10/04/2025,10/04/2025
LOS LLANOS,LE BLUES,MOSTLY DREAMS,.022781823,.74148947,.030724404,.070484579,0,2,98.607452,No,No,25,87.153061,No,No,0,0,.047447592,-.11493833,.057153091,.016072433,.048885778,-.028363524,.032416984,.0371338176773861,9.0027399,3,442987,14aug2023,2,64,EL PARAISO,https://arg-sales.com/remates/view/346,26-04-2025,26-04-2025
LUNAREJO,LE BLUES,SOUL FOOD,.02372282,.73301411,.032363389,.070484579,0,1,110.88832,Yes,Yes,14,,No,No,0,,.021000981,-.11493833,.054669529,.24284554,-.17511401,.038658451,.026137836,.0578940398245322,7.0054793,2,443656,29aug2023,2,16,EL PARAISO,https://arg-sales.com/remates/view/346,26-04-2025,26-04-2025
LUNATICO BOMB,HIT IT A BOMB (USA),STORMY LUNATICA,.025294384,.77114749,.032800969,.057971016,0,8,102.20631,Yes,No,17,108.84599,YES,Yes,4,.07692308,-.073453575,-.051575616,-.05090192,-.060937375,.054828286,-.018686205,-.0039320728,.0344973766113981,15.175343,10,446323,10oct2023,2,17,FIRMAMENTO,https://antoniobullrich.com/remates/gran-venta-seleccion-haras-firmamento/lotes,22/04/2025,22/04/2025
LUSTER,LE BLUES,VEDETTISIMA,.025794782,.72496408,.035580773,.070484579,0,3,99.177582,No,No,11,102.12665,YES,No,1,.083333336,.050973803,-.11493833,.057665661,.087769344,.063957959,-.019810859,.032416984,.0294184043887071,9.0219173,4,442982,12aug2023,2,19,EL PARAISO,https://arg-sales.com/remates/view/346,26-04-2025,26-04-2025
LUXOR,LE BLUES,SUPER FEMME,.015268219,.64036441,.023843016,.070484579,0,5,,No,No,0,65.723175,No,No,0,0,.001606822,-.11493833,.053475142,-.040260851,-.15603405,.12203179,.032416984,.0321893143700436,13.928767,9,444638,09sep2023,2,38,EL PARAISO,https://arg-sales.com/remates/view/346,26-04-2025,26-04-2025
LYLES,LE BLUES,FASHION SALE,.020448044,.66920918,.030555535,.070484579,0,6,93.515549,No,No,25,97.607819,No,No,0,0,.029816508,-.11493833,.055155948,-.012512743,.099213719,-.027829902,.026137836,.0229068848348106,13.926027,8,443671,24aug2023,2,13,EL PARAISO,https://arg-sales.com/remates/view/346,26-04-2025,26-04-2025
MACEIO,DANIEL BOONE (BRZ),MALIBU STAR,.024411976,.74667543,.032694228,.05479452,0,2,83.920357,No,No,8,45.168571,No,No,0,0,.14579606,.0043926984,-.024698846,-.019913368,-.13098894,.052340541,-.056226846,.0274829727859469,7.838356,4,441760,11jul2023,2,38,SANTA MARÍA DE ARARAS,https://arg-sales.com/remates/view/345,10-04-2025,13-04-2025
MAGALLANES,MASTER OF HOUNDS (USA),SCRIPT,.011198808,.65539867,.017087016,.019108281,0,8,95.855049,No,No,17,95.061813,No,No,0,0,-.023076683,.016224772,-.13683519,-.012512743,-.096344404,-.027303582,-.014918739,.0336140989384148,15.167123,10,445705,23sep2023,2,70,EL PARAISO,https://arg-sales.com/remates/view/346,26-04-2025,26-04-2025
MANHATTAN JOY,FORTIFY (USA),MODERN GIRL,.02548255,.59506094,.04282343,.12832929,.083333336,12,93.77771,No,No,5,118.38714,YES,YES,3,.040540539,-.10077059,-.044072285,.21008845,-.063836969,.22276993,.028889619,-.0063206535,.037871461638133,18.964384,10,446366,19oct2023,2,6,SANTA INÉS,https://antoniobullrich.com/remates/copa-bullrich-abril-14h/lotes,10/04/2025,10/04/2025
MARGARITTI,LUCULLAN (USA),MOZAMBICA,.016858658,.67053837,.025141973,.044452887,0,1,95.117325,No,No,4,,No,No,0,,.026085317,.10148866,.03950873,-.038321208,-.16154096,.0087680742,-.010412626,.0253275864233728,6.9534245,2,442727,14aug2023,1,37,LA PASIÓN,https://antoniobullrich.com/remates/gran-venta-seleccion-haras-la-pasion-14h/lotes,24/04/2025,24/04/2025
MARINA CITY,HI HAPPY,MARINA AZUL,.015978616,.49355897,.032374278,.073394492,0,6,,No,No,0,93.740036,No,No,0,0,-.081723034,.24111356,-.0054091811,-.063836969,-.013000786,-.022369731,-.0063206535,.0630410594894784,11.043836,7,446355,11oct2023,1,18,SANTA INÉS,https://antoniobullrich.com/remates/copa-bullrich-abril-14h/lotes,10/04/2025,10/04/2025
MELINDROSO,DANIEL BOONE (BRZ),MIAMI QUEEN,.013719837,.61639625,.022258146,.05479452,0,2,93.172951,No,No,8,,No,No,0,,-.11134589,.0043926984,-.034822434,-.019913368,-.13379321,.031909753,-.0088911233,.0370217525487533,8.2657537,3,447394,27oct2023,2,39,SANTA MARÍA DE ARARAS,https://arg-sales.com/remates/view/345,10-04-2025,13-04-2025
MIAMORE,GOUVERNEUR MORRIS (USA),MOZILLA,.043770377,.75823045,.057727009,.044452887,0,4,114.64016,YES,YES,21,104.57624,YES,No,1,.25,.084267825,.060747832,.0755983,.3701503,-.040183865,.026802868,-.010412626,.0338103539997974,11.876713,6,441801,12jul2023,2,7,LA PASIÓN,https://antoniobullrich.com/remates/gran-venta-seleccion-haras-la-pasion-14h/lotes,24/04/2025,24/04/2025
MINAMI,GOUVERNEUR MORRIS (USA),MISS PENN,.03744306,.72047496,.051969968,.044452887,0,5,98.320801,No,No,8,96.204628,No,No,0,0,.031405747,.060947627,-.028435126,-.093859859,.10445023,.047735635,-.023690918,.0359196557456016,11.065753,7,443504,25aug2023,2,16,LA LEYENDA,https://antoniobullrich.com/remates/copa-bullrich-abril-14h/lotes,10/04/2025,10/04/2025
MONEDA MARCADA,MASTER OF HOUNDS (USA),BUENA SEÑAL,.015997481,.6145696,.02603038,.019108281,0,7,59.965862,No,No,3,105.64552,YES,No,1,.013513514,-.0089718401,.016224772,-.13648319,-.012512743,.077583224,-.015916273,.032416984,.0214053688978311,21.967123,10,445158,15sep2023,1,61,EL PARAISO,https://arg-sales.com/remates/view/346,26-04-2025,26-04-2025
MONTI,MASTER OF HOUNDS (USA),NIGHT WALKER,.022520104,.69262314,.032514226,.019108281,.125,8,90.856644,No,No,12,108.31184,YES,Yes,1,.016129032,.038632035,.016224772,-.13575456,-.012512743,.23201847,-.027303582,-.014918739,.0597490118962014,15.986301,10,442999,19aug2023,2,55,EL PARAISO,https://arg-sales.com/remates/view/346,26-04-2025,26-04-2025
MR. BOND,UNCLE CHUCK (USA),MISS MONEYPENNY,.013677404,.58286589,.023465782,.044452887,0,9,102.26272,YES,YES,4,90.063637,No,No,0,0,-.04124701,-.044072285,-.11835261,-.063836969,.096167162,.021262273,-.0063206535,.0250647616485367,15.906849,10,445454,24sep2023,2,27,SANTA INÉS,https://antoniobullrich.com/remates/copa-bullrich-abril-14h/lotes,10/04/2025,10/04/2025
MUMBERO,GOUVERNEUR MORRIS (USA),MADISON SONG (USA),.050590307,.83526975,.060567629,.044452887,.083333336,12,,No,No,0,118.90977,YES,YES,6,.056603774,.066636741,.060747832,.0755983,.14373305,.2713882,-.039533176,.030643947,.0347966667504807,20.501369,10,441903,22jul2023,2,8,LA PASIÓN,https://antoniobullrich.com/remates/gran-venta-seleccion-haras-la-pasion-14h/lotes,24/04/2025,24/04/2025
MUSIC DAY,THE GREAT DAY,MUSIC NISTEL,.034489464,.72369403,.047657523,.044452887,0,1,106.44299,Yes,No,17,,No,No,0,,.10109395,.040726453,.054199427,-.00584241,-.17283064,.053553827,-.0039320728,.0391080089029856,6.7835617,2,441498,03jul2023,2,22,FIRMAMENTO,https://antoniobullrich.com/remates/gran-venta-seleccion-haras-firmamento/lotes,22/04/2025,22/04/2025
MY WIND,IL CAMPIONE (CHI),OPA LOCKA,.020409079,.63484025,.032148369,.090909094,0,8,,No,No,0,97.988663,Yes,No,0,0,0,0,0,0,0,0,0,.0334628929049359,13.947946,10,443077,10aug2023,2,20,LA PASIÓN,https://antoniobullrich.com/remates/gran-venta-seleccion-haras-la-pasion-14h/lotes,24/04/2025,24/04/2025
NEVER HIT,HIT IT A BOMB (USA),NEVERMIND INC,.042010427,.74928027,.056067709,.057971016,.25,4,62.311401,No,No,2,106.15147,YES,YES,3,.1875,.064068705,-.051575616,-.043498456,-.088685483,.33774608,-.01400904,-.0039320728,.0249902173090959,11.750685,7,441826,24jul2023,2,18,FIRMAMENTO,https://antoniobullrich.com/remates/gran-venta-seleccion-haras-firmamento/lotes,22/04/2025,22/04/2025
NIÑO FELIZ,EQUAL STRIPES,BURG ANIÑADA,.01466292,.47787794,.0306834,.072345391,.16666667,6,55.845638,No,No,1,116.7608,YES,YES,7,.18421052,-.037380815,-.076110907,.011801541,-.048359022,.46769339,-.038787786,-.003791701,.0239641225052765,13.153424,10,443833,11sep2023,2,13,EL CHAÑAR,https://antoniobullrich.com/remates/copa-bullrich-abril-14h/lotes,10/04/2025,10/04/2025
NUNCA TAXI,GOUVERNEUR MORRIS (USA),NINA BERNSTEIN,.043604273,.71281284,.06117212,.044452887,0,5,85.070816,No,No,10,98.099335,YES,YES,2,.125,-.092403293,.060947627,-.028435126,-.093859859,.31792572,.056772437,.017365655,.0235126910920371,11.068493,6,445315,16oct2023,2,5,LA LEYENDA,https://antoniobullrich.com/remates/copa-bullrich-abril-14h/lotes,10/04/2025,10/04/2025
OFUSCADOR,DANIEL BOONE (BRZ),ORDEM UNIDA,.024434732,.70160496,.034826908,.05479452,0,4,52.720242,No,No,3,109.3476,YES,No,2,.050000001,-.044679463,.0043926984,-.031812198,-.050845765,.14221653,-.037641153,.032165449,.0399054125737166,8.9534245,6,445900,29sep2023,2,25,SANTA MARÍA DE ARARAS,https://arg-sales.com/remates/view/345,10-04-2025,13-04-2025
OLIMPICO PEN,EMOTION ORPEN,OLIMPICA CATCH,.049160149,.7041409,.069815785,.044452887,.25,4,86.331001,No,No,7,103.97562,YES,YES,4,.1025641,-.0011662245,.10724786,-.011562288,-.060937375,.39537311,-.025260516,-.0039320728,.0464103703779983,9.8465757,6,443029,30aug2023,2,28,FIRMAMENTO,https://antoniobullrich.com/remates/gran-venta-seleccion-haras-firmamento/lotes,22/04/2025,22/04/2025
ONDA HIPPIE,IL MERCATO,ONDA CHIC,.018823564,.69200414,.027201518,.023809524,0,5,87.04467,No,No,17,98.169685,No,No,0,0,.05958432,-.070415273,-.015877604,-.05492077,.094471633,.012365416,-.010412626,.0237973977782531,11.964383,7,442733,26jul2023,1,34,LA PASIÓN,https://antoniobullrich.com/remates/gran-venta-seleccion-haras-la-pasion-14h/lotes,24/04/2025,24/04/2025
ORIGINAL BOY,DANIEL BOONE (BRZ),ORIGINALIDAD,.023402764,.71997833,.032504816,.05479452,0,5,86.532684,No,No,12,88.193893,No,No,0,0,-.02087003,.0043926984,-.030470081,-.050845765,.035558566,-.0031422824,.032165449,.0352733425315819,11.10685,7,444247,19sep2023,2,24,SANTA MARÍA DE ARARAS,https://arg-sales.com/remates/view/345,10-04-2025,13-04-2025
ORIGINAL MIX,TREASURE BEACH (GB),ORANGE NUGGET,.011300026,.60762256,.018597113,.044444446,0,1,96.766785,YES,YES,14,,No,No,0,,-.04793632,-.068622753,-.049286515,.25598788,-.11368891,-.030304309,-.0082113147,.0349817459937185,9.9726028,2,445261,21sep2023,1,11,Las Retamas,https://www.fallowremates.com/plataforma-remates/clientes/remates/listado/117,09-04-2025,09-04-2025
ORTODOXA,SOVEREIGN (IRE),SANTISIMA,.023675265,.70804977,.033437289,.044452887,0,2,48.220242,No,No,1,90.162704,No,No,0,0,.089036852,.02196908,.039156273,-.039935853,-.14684801,.012123186,.031823486,.0593681479658699,8.7452059,4,444081,22jul2023,1,48,EL MALLÍN,https://antoniobullrich.com/remates/copa-bullrich-abril-14h/lotes,10/04/2025,10/04/2025
OSTENTOSO,DANIEL BOONE (BRZ),ORANGE AND GREEN,.021891326,.65539217,.033401873,.05479452,0,0,,No,No,0,,No,No,0,,.1219866,.0043926984,-.025807254,-.078593872,-.13379321,.06484215,.032165449,.0357230698828062,5.8958902,2,441765,21jul2023,2,20,SANTA MARÍA DE ARARAS,https://arg-sales.com/remates/view/345,10-04-2025,13-04-2025
OTIS BLUE,UNCLE CHUCK (USA),ORPEN MOON,.015029577,.6450159,.023301095,.044452887,0,0,106.80334,YES,YES,10,,No,No,0,,-.053151727,-.044072285,-.11835261,.21164033,-.17070119,.020304546,-.0063206535,.0290850728779333,5.9260273,2,445460,29sep2023,2,24,SANTA INÉS,https://antoniobullrich.com/remates/copa-bullrich-abril-14h/lotes,10/04/2025,10/04/2025
PALAPA,CITYSCAPE (GB),PALMA DEL RIO,.0089337453,.52225482,.017106105,.089686096,0,3,53.066689,No,No,2,,No,No,0,,-.0026984215,.094340608,.040770233,-.09623614,-.11368891,-.02313526,-.0082113147,.0284172735300672,9.0465755,5,443340,02sep2023,1,16,Las Retamas,https://www.fallowremates.com/plataforma-remates/clientes/remates/listado/117,09-04-2025,09-04-2025
PALCO DE HONOR,DADDY LONG LEGS (USA),PALMA DE ORO,.013481178,.67469525,.019981137,.091603056,0,0,88.239754,No,No,25,,No,No,0,,.05547601,.014311358,.094204634,-.038551606,-.17436801,.063674919,-.003791701,.0409501086869568,6.8410959,1,442215,03aug2023,2,23,EL CHAÑAR,https://antoniobullrich.com/remates/copa-bullrich-abril-14h/lotes,10/04/2025,10/04/2025
PALM ANGEL,GOUVERNEUR MORRIS (USA),PALLARS,.024675006,.72436017,.034064554,.044452887,0,1,126.70346,Yes,Yes,17,,No,No,0,,.04019016,.060747832,-.027805567,.2260794,-.16154096,.035523586,-.010412626,.0299041014441173,8.9561644,3,443210,06aug2023,1,28,LA PASIÓN,https://antoniobullrich.com/remates/gran-venta-seleccion-haras-la-pasion-14h/lotes,24/04/2025,24/04/2025
PECATO BOMB,HIT IT A BOMB (USA),PECADORA INC,.043074641,.77165514,.055821102,.057971016,.16666667,6,111.20837,YES,Yes,21,116.38443,YES,YES,4,.068965517,.027043492,-.051575616,-.045641571,-.060937375,.37516767,-.043770202,-.0039320728,.0360347447094682,12.942466,8,442162,14aug2023,2,7,FIRMAMENTO,https://antoniobullrich.com/remates/gran-venta-seleccion-haras-firmamento/lotes,22/04/2025,22/04/2025
PINTON,PNEUMATIC (USA),PIBA COMO VOS,.013159548,.64529753,.020392993,.044452887,.1,10,99.338707,No,No,11,96.985077,YES,YES,1,.016949153,-.087380648,.014311358,-.072887458,-.048359022,.23824488,-.017370284,-.003791701,.0215124593669316,20.958904,10,445503,02oct2023,2,20,EL CHAÑAR,https://antoniobullrich.com/remates/copa-bullrich-abril-14h/lotes,10/04/2025,10/04/2025
PORTO LANE,COSMIC TRIGGER,PURPURINE,.019480774,.78138614,.024931047,.076271184,0,2,69.033821,No,No,3,83.8591,No,No,0,0,.022559077,-.11115611,.076222345,-.023538649,-.030700698,.037407815,-.010412626,.0207279521273449,8.8219175,5,443083,16aug2023,2,22,LA PASIÓN,https://antoniobullrich.com/remates/gran-venta-seleccion-haras-la-pasion-14h/lotes,24/04/2025,24/04/2025
PUNCH BOY,DANIEL BOONE (BRZ),PERSONAL DOT,.027056413,.61024439,.044337012,.05479452,0,7,118.9735,YES,YES,28,95.829346,No,No,0,0,-.02087003,.0043926984,-.030470081,.32392773,.0010390431,-.033167232,-.056226846,.028037854062859,15.10411,9,444245,19sep2023,2,15,SANTA MARÍA DE ARARAS,https://arg-sales.com/remates/view/345,10-04-2025,13-04-2025
QUALICK,DANIEL BOONE (BRZ),QUEEN KELLY,.02237135,.65144408,.034341168,.05479452,0,6,,No,No,0,119.3035,Yes,Yes,0,0,-.061346054,.0043926984,-.032809801,-.050845765,.12593767,.027692717,-.0088911233,.0457206822611624,10.241096,7,445910,06oct2023,2,10,SANTA MARÍA DE ARARAS,https://arg-sales.com/remates/view/345,10-04-2025,13-04-2025
QUANDO QUERO,DANIEL BOONE (BRZ),QUINDICI (USA),.029889069,.62358117,.047931321,.05479452,.083333336,12,,No,No,0,114.64471,YES,YES,6,.13043478,-.089917421,.0043926984,-.034036957,.14780805,.28790325,-.058217164,-.0088911233,.035293989116326,20.493151,10,447383,18oct2023,2,5,SANTA MARÍA DE ARARAS,https://arg-sales.com/remates/view/345,10-04-2025,13-04-2025
QUARTERBACK,HIT IT A BOMB (USA),QUATRO FOLHAS,.02973892,.75198084,.039547443,.057971016,0,4,98.206421,YES,Yes,17,86.107178,No,No,0,0,.052939236,.0043926984,.01909411,-.050845765,.018578768,.027367096,.032165449,.0446362093425705,11.073973,6,443369,19aug2023,2,41,SANTA MARÍA DE ARARAS,https://arg-sales.com/remates/view/345,10-04-2025,13-04-2025
QUARTZ MAN,DANIEL BOONE (BRZ),QUEEN PLUM,.022391725,.67172468,.033334676,.05479452,0,1,111.30688,Yes,Yes,19,,No,No,0,,-.054203212,.0043926984,-.032528736,.16039181,-.13379321,.048456769,-.0088911233,.0411245279101422,7.9753423,2,445906,03oct2023,2,11,SANTA MARÍA DE ARARAS,https://arg-sales.com/remates/view/345,10-04-2025,13-04-2025
QUE FORTE,FORTIFY (USA),QUE BELLA NOCHE,.035078999,.64705718,.054213136,.12832929,0,6,105.50809,Yes,Yes,15,86.252296,No,No,0,0,.11246285,-.036348134,.31804064,-.050845765,.012585104,.0022006221,-.0088911233,.049919076016522,12.934247,9,441769,25jul2023,2,1,SANTA MARÍA DE ARARAS,https://arg-sales.com/remates/view/345,10-04-2025,13-04-2025
QUE TANGACHO,DANIEL BOONE (BRZ),QUE SEJA DOCE,.011851477,.56297946,.021051347,.05479452,0,1,,No,No,0,,No,No,0,,-.04706043,.0043926984,-.032101221,-.078593872,-.13379321,-.0093305856,-.0088911233,.0345032825789531,5.9232879,2,445901,30sep2023,2,26,SANTA MARÍA DE ARARAS,https://arg-sales.com/remates/view/345,10-04-2025,13-04-2025
QUEEN'S BANQUET,DANIEL BOONE (BRZ),QUEEN DALILLA,.027127123,.63808852,.042513102,.05479452,0,2,72.151253,No,No,2,91.848022,No,No,0,0,.10532001,.0043926984,-.026699372,-.078593872,.088437274,.031909753,.032165449,.0450199009719654,8.8739729,5,442758,28jul2023,1,8,SANTA MARÍA DE ARARAS,https://arg-sales.com/remates/view/345,10-04-2025,13-04-2025
QUEMOSIS,DANIEL BOONE (BRZ),QUICK SHE GO,.011439323,.49523085,.023098972,.05479452,0,1,51.238625,No,No,1,,No,No,0,,.0053203702,.0043926984,-.029376797,-.078593872,-.13379321,-.0093305856,-.0088911233,.0356812086647551,6.0630136,2,444237,08sep2023,1,17,SANTA MARÍA DE ARARAS,https://arg-sales.com/remates/view/345,10-04-2025,13-04-2025
QUEQUEN,CITYSCAPE (GB),BRINGING HOPE,.035453245,.76202661,.046524946,.089686096,0,5,,No,No,0,100.7293,No,No,0,0,.11444563,.17918813,.044932529,-.012512743,.024895534,-.028259689,.032416984,.0149952161882538,11.975343,8,441924,07jul2023,2,45,EL PARAISO,https://arg-sales.com/remates/view/346,26-04-2025,26-04-2025
RE HARLAN'S,REMOTE (GB),HARLAN'S GOLD,.036833923,.72747326,.050632682,.081272088,0,2,104.41234,YES,No,14,,No,No,0,,.062305599,-.051575616,.053016096,.16498435,-.17283064,.063354097,-.0039320728,.0268589136394439,8.8164387,4,441827,25jul2023,2,5,FIRMAMENTO,https://antoniobullrich.com/remates/gran-venta-seleccion-haras-firmamento/lotes,22/04/2025,22/04/2025
RE SINGER,REMOTE (GB),SING NISTEL,.023775069,.70200843,.033867214,.081272088,0,0,70.781288,No,No,1,,No,No,0,,.039385229,-.051575616,.050949097,-.088685483,-.17283064,.043747239,-.0039320728,.0305805418174714,6.9589043,2,442155,07aug2023,2,14,FIRMAMENTO,https://antoniobullrich.com/remates/gran-venta-seleccion-haras-firmamento/lotes,22/04/2025,22/04/2025
REINA MATIC,PNEUMATIC (USA),JOY REA,.0065356968,.49304721,.013255722,.044452887,0,0,99.164169,No,No,13,,No,No,0,,-.0013227463,.01228483,.008612372,.0075049177,-.04177478,.049329408,.012612099,.034889500956524,5.9808221,1,444033,11sep2023,1,37,EL ARROYO,https://antoniobullrich.com/remates/copa-bullrich-abril-14h/lotes,10/04/2025,10/04/2025
RIKI,STORM EMBRUJADO,RED HOTSCAT'N (USA),.015499925,.51933008,.029846,.04137931,0,2,,No,No,0,90.793922,No,No,0,0,-.08526051,-.11095631,-.02008763,.07704585,-.14730293,-.036151495,.017365655,.0280480083310977,10.419178,6,445351,13oct2023,1,38,LA LEYENDA,https://antoniobullrich.com/remates/copa-bullrich-abril-14h/lotes,10/04/2025,10/04/2025
ROBERTS ORPEN,EMOTION ORPEN,ROBERTS KEY,.034273643,.73437279,.046670634,.044452887,0,0,92.362442,No,No,6,,No,No,0,,-.0064555407,.10724786,-.011562288,-.010444805,-.17283064,.14855811,-.0039320728,.0331480686363648,6.0958905,1,443260,02sep2023,2,25,FIRMAMENTO,https://antoniobullrich.com/remates/gran-venta-seleccion-haras-firmamento/lotes,22/04/2025,22/04/2025
ROMANCE LATINO,IL MERCATO,ROMANCE NIGHT,.035995468,.6566121,.05481999,.023809524,.25,4,122.72867,YES,Yes,24,114.5079,YES,YES,4,.5,-.046202064,-.070415273,-.015877604,.20882043,.45907989,-.0022292882,-.010412626,.0521284950373229,12.934247,7,444997,24sep2023,2,16,LA PASIÓN,https://antoniobullrich.com/remates/gran-venta-seleccion-haras-la-pasion-14h/lotes,24/04/2025,24/04/2025
SAKURA TREE,DANIEL BOONE (BRZ),SAY SARAH,.017274007,.58380902,.029588455,.05479452,0,3,,No,No,0,97.566452,No,No,0,0,-.078012705,.0043926984,-.033362672,-.078593872,.11425883,-.015201595,-.0088911233,.0398061218656949,6.9369864,5,447375,13oct2023,1,46,SANTA MARÍA DE ARARAS,https://arg-sales.com/remates/view/345,10-04-2025,13-04-2025
SAKURA'S MOON,JAPAN (USA),SAVANNAH'S MOON,.015843343,.47652394,.033247739,.044452887,0,5,46.210373,No,No,2,50.415512,No,No,0,0,-.037536621,-.036348134,.097934663,-.050845765,.0073247105,.010415275,-.0088911233,.0324217475790647,11.035617,7,445890,26sep2023,1,47,SANTA MARÍA DE ARARAS,https://arg-sales.com/remates/view/345,10-04-2025,13-04-2025
SALEMA,IL MERCATO,SABBIONERA,.020681057,.79048073,.026162632,.023809524,0,1,104.25713,No,No,3,,No,No,0,0,.073689163,-.070415273,-.015877604,-.023538649,.058350652,-.021497153,-.010412626,.0246975139743881,6.920548,2,442350,18jul2023,1,35,LA PASIÓN,https://antoniobullrich.com/remates/gran-venta-seleccion-haras-la-pasion-14h/lotes,24/04/2025,24/04/2025
SALVATTISTA,DANIEL BOONE (BRZ),SALVA DI APPLAUSI,.019447129,.63960773,.030404776,.05479452,0,4,,No,No,1,60.806213,No,No,0,0,.12912944,.0043926984,-.025073029,-.078593872,-.1137394,.015163343,-.0088911233,.0376325467295828,9.6931505,6,441763,18jul2023,2,9,SANTA MARÍA DE ARARAS,https://arg-sales.com/remates/view/345,10-04-2025,13-04-2025
SAMMI BOMB,HIT IT A BOMB (USA),SANTA SABINA,.014732279,.51858366,.028408684,.057971016,0,0,,No,No,0,,No,No,0,,.088653386,.0043926984,.020810574,-.078593872,-.13379321,-.014294453,-.0088911233,.0443233589558076,4.8027396,2,443372,04aug2023,1,37,SANTA MARÍA DE ARARAS,https://arg-sales.com/remates/view/345,10-04-2025,13-04-2025
SERBIO,SOVEREIGN (IRE),MISS SEITER,.042602293,.7562542,.056333296,.044452887,.090909094,11,101.87694,YES,YES,21,106.65134,YES,YES,13,.094202898,.074932009,.02196908,.039156273,-.012187745,.30148137,-.012992442,-.0092330873,.0388525553280488,19.778082,10,444084,30jul2023,2,8,EL MALLÍN,https://antoniobullrich.com/remates/copa-bullrich-abril-14h/lotes,10/04/2025,10/04/2025
SEVEN STARS,HIT IT A BOMB (USA),SAFONA,.027678667,.63596076,.0435226,.057971016,0,0,106.93948,YES,YES,12,,No,No,0,,.091034353,.0043926984,.021006405,.19184181,-.13379321,.0089750402,-.0088911233,.0445271175431117,5.7753425,1,442760,03aug2023,1,45,SANTA MARÍA DE ARARAS,https://arg-sales.com/remates/view/345,10-04-2025,13-04-2025
SHANI,GOUVERNEUR MORRIS (USA),SHERAH,.0085729035,.54302585,.015787285,.044452887,0,0,75.822403,No,No,4,,No,No,0,,-.022199452,-.044072285,-.13716596,-.047237407,-.17070119,.04452493,-.0063206535,.0364818805701361,6.9643836,1,445031,16sep2023,1,14,SANTA INÉS,https://antoniobullrich.com/remates/copa-bullrich-abril-14h/lotes,10/04/2025,10/04/2025
SIEMPRE EN VENTA,SOVEREIGN (IRE),MARIAISNOTFORSALE,.0095217172,.58890808,.016168427,.044452887,0,3,88.152184,No,No,10,93.178551,No,No,0,0,-.014814794,.0091226101,.037525363,-.049138907,.12917221,.020988341,-.045940354,.0301806882489473,8,4,448234,22sep2023,2,43,EL MALLÍN,https://antoniobullrich.com/remates/copa-bullrich-abril-14h/lotes,10/04/2025,10/04/2025
SIFNOS,EQUAL STRIPES,SEXY BACK,.013676564,.59591377,.022950577,.072345391,0,3,103.12421,YES,Yes,14,70.627968,No,No,0,0,.057821214,-.029674433,.039406568,.051457994,-.15623306,.0050171986,-.057748348,.0207054106504074,9.9123287,5,442732,27jul2023,2,21,LA PASIÓN,https://antoniobullrich.com/remates/gran-venta-seleccion-haras-la-pasion-14h/lotes,24/04/2025,24/04/2025
SILK SONIC,UNCLE CHUCK (USA),SOLEVATA,.0067956373,.52592218,.012921374,.044452887,0,2,58.297043,No,No,1,,No,No,0,,.027550936,-.054786786,-.042041846,-.014634375,-.18633981,.067622215,.0067622475,.0315675299134455,7.1232877,3,443337,17aug2023,2,9,Las Retamas,https://www.fallowremates.com/plataforma-remates/clientes/remates/listado/117,09-04-2025,09-04-2025
SIN EQUIPAJE,SPRINGDOM,BELLANET,.023514401,.66409397,.035408244,0,0,4,17.47327,No,No,1,97.696091,No,No,0,0,.019237876,-.089157723,.011235401,-.012512743,.22169647,-.028259689,.032416984,.0543794681580039,11.084931,7,443650,30aug2023,2,53,EL PARAISO,https://arg-sales.com/remates/view/346,26-04-2025,26-04-2025
SIR LUIGI,DANIEL BOONE (BRZ),SERENITY QUEEN,.021237569,.75586164,.028097166,.05479452,0,1,85.597565,No,No,9,46.394798,No,No,0,0,.033891678,.0043926984,-.028731488,-.026433423,-.13098894,-.013079051,.032165449,.0446794405725086,7.8164382,3,443371,27aug2023,2,12,SANTA MARÍA DE ARARAS,https://arg-sales.com/remates/view/345,10-04-2025,13-04-2025
SIRI AZUL,IL MERCATO,SARATOGIAN,.020465039,.78602713,.026036046,.023809524,0,4,94.388802,No,No,6,112.44046,No,No,0,0,.050768793,-.070415273,-.015877604,-.05492077,.09818992,-.0037846565,-.016691774,.0321229091641726,11.972603,7,441894,31jul2023,2,17,LA PASIÓN,https://antoniobullrich.com/remates/gran-venta-seleccion-haras-la-pasion-14h/lotes,24/04/2025,24/04/2025
SLAVO,SEÑOR CANDY (USA),SLOVENCA,.0061313231,.57742321,.010618421,.046218488,0,0,90.405136,No,No,12,,No,No,0,,.10346285,-.11939166,.048968509,-.0451774,-.11967054,.023339897,-.053658891,.0217786793946289,8.0164385,2,441637,20jul2023,2,35,EL ARROYO,https://antoniobullrich.com/remates/copa-bullrich-abril-14h/lotes,10/04/2025,10/04/2025
SOBERANO BOONE,DANIEL BOONE (BRZ),SALZBURG QUEEN,.017103055,.66681999,.025648683,.05479452,0,6,109.29114,Yes,No,14,91.416367,No,No,0,0,-.087536454,.0043926984,-.033769444,-.050845765,.023736313,-.033346482,-.0088911233,.0359328811246087,12.016438,8,447382,17oct2023,2,13,SANTA MARÍA DE ARARAS,https://arg-sales.com/remates/view/345,10-04-2025,13-04-2025
SOBERBIA NOCHE,SOVEREIGN (IRE),RED KNIGHT,.013914673,.5052107,.027542315,.044452887,.1,10,101.35623,No,No,21,123.80075,YES,Yes,2,.027777778,.0055555105,.00048682094,.02418454,-.13243587,.097487479,.011377176,-.013685524,.0213927669101395,17.087671,10,447007,15aug2023,1,30,EL MALLÍN,https://antoniobullrich.com/remates/copa-bullrich-abril-14h/lotes,10/04/2025,10/04/2025
SON FEMOL,IL MERCATO,SMASHING CAT (USA),.019331709,.66349667,.029136105,.023809524,.11111111,9,100.00387,YES,No,5,107.71982,YES,YES,3,.078947365,-.030334115,-.070415273,-.015877604,-.05492077,.26967815,-.069992952,.030643947,.0230261937831528,19.479452,10,444173,15sep2023,2,18,LA PASIÓN,https://antoniobullrich.com/remates/gran-venta-seleccion-haras-la-pasion-14h/lotes,24/04/2025,24/04/2025
STEREO LAB,DANIEL BOONE (BRZ),SAVOIR AIMER,.016295517,.64406824,.025300916,.05479452,0,7,,No,No,0,97.461372,YES,No,1,.016129032,-.055079162,-.02788192,-.06771598,-.068488032,.37336975,-.026025455,-.0082113147,.0376325467295828,14.917809,10,445265,24sep2023,1,15,Las Retamas,https://www.fallowremates.com/plataforma-remates/clientes/remates/listado/117,09-04-2025,09-04-2025
STORM MORRIS,GOUVERNEUR MORRIS (USA),STORMY PURPOSEFUL,.017342914,.74643749,.023234248,.044452887,0,9,71.498917,No,No,2,98.775078,Yes,No,0,0,-.025044769,.060747832,-.027805567,-.05492077,-.02760458,.0024789646,-.010412626,.0339893033815315,15.20274,10,444167,12sep2023,2,9,LA PASIÓN,https://antoniobullrich.com/remates/gran-venta-seleccion-haras-la-pasion-14h/lotes,24/04/2025,24/04/2025
SUBE LA MAREA,SPRINGDOM,HOLA COMO VA,.020694321,.59260356,.03492102,0,0,7,69.250069,No,No,6,124.32526,YES,YES,1,.010989011,-.0054455996,-.089157723,.011235401,-.012512743,.20609751,.0024276562,.032416984,.0213456663768739,16.901369,10,445153,13sep2023,1,59,EL PARAISO,https://arg-sales.com/remates/view/346,26-04-2025,26-04-2025
SUMMER SONG,SPRINGDOM,LA CHANEL,.0073361374,.55776983,.013152624,0,0,1,,No,No,0,,No,No,0,,-.040707737,-.089157723,-.092168458,-.040260851,-.17511401,.017231222,-.014918739,.0524319020551047,5.2219176,2,445727,03oct2023,2,74,EL PARAISO,https://arg-sales.com/remates/view/346,26-04-2025,26-04-2025
SURTEES,HAT NINJA,OPENTHEGATE,.0097149294,.59998012,.016192086,.060606062,0,0,98.579727,YES,No,15,,No,No,0,,-.10694408,-.084373616,.035361573,.19539328,-.084485374,.01883138,.040130775,.0178946552205161,8.2493153,2,446286,27oct2023,2,10,Las Retamas,https://www.fallowremates.com/plataforma-remates/clientes/remates/listado/117,09-04-2025,09-04-2025
SUSQUEÑA,DANIEL BOONE (BRZ),SUBLIMACION,.031281844,.51750672,.06044722,.05479452,0,8,117.44144,YES,YES,19,93.748695,YES,No,1,.125,.13627228,.0043926984,-.024886534,.37069565,-.0067188293,-.027616486,-.0088911233,.0343341459520161,17.021917,10,441761,15jul2023,1,27,SANTA MARÍA DE ARARAS,https://arg-sales.com/remates/view/345,10-04-2025,13-04-2025
TABLIT,HIT IT A BOMB (USA),TAIKA,.015246934,.50593126,.030136375,.057971016,0,0,,No,No,0,,No,No,0,,.086272478,.0043926984,.020422041,-.078593872,-.13379321,-.014294453,.032165449,.0496459075675375,4.9260273,2,443373,05aug2023,1,48,SANTA MARÍA DE ARARAS,https://arg-sales.com/remates/view/345,10-04-2025,13-04-2025
TAKE ONE,JAPAN (USA),TAKEN AWAY (BRZ),.027775422,.57555109,.04825883,.044452887,.11111111,9,111.23055,YES,YES,12,113.35768,Yes,Yes,0,0,-.11372685,-.036348134,.097934663,-.050845765,.35562816,-.030383905,.032165449,.0345367823174456,17.290411,10,447391,28oct2023,2,35,SANTA MARÍA DE ARARAS,https://arg-sales.com/remates/view/345,10-04-2025,13-04-2025
TAN GLORIOSO,MOOTASADIR (GB),AMAZING GLORIA,.023448702,.75029892,.031252481,.044452887,0,2,95.389252,No,No,8,91.548355,No,No,0,0,.05978933,.016224772,.011235401,.018419653,-.040855855,.020050664,-.014918739,.0291099174182818,8.7589045,5,442962,07aug2023,2,78,EL PARAISO,https://arg-sales.com/remates/view/346,26-04-2025,26-04-2025
TAPIT SCAPE,CITYSCAPE (GB),TAPIT SONG,.04485824,.74114323,.060525738,.089686096,0,4,91.278015,No,No,12,102.98581,Yes,No,0,0,.030569702,.070646912,.015016109,-.060937375,.27068311,-.055200636,-.0039320728,.0232128229054069,14.484932,9,442160,12aug2023,2,19,FIRMAMENTO,https://antoniobullrich.com/remates/gran-venta-seleccion-haras-firmamento/lotes,22/04/2025,22/04/2025
TATTO BLACK,DANIEL BOONE (BRZ),TATTOUM,.025523199,.6931715,.0368209,.05479452,0,9,112.27985,YES,YES,15,97.322945,No,No,0,0,.1219866,.0043926984,-.025807254,-.050845765,.033050507,-.021264419,-.0088911233,.0366026728297584,15.761643,10,441766,21jul2023,2,30,SANTA MARÍA DE ARARAS,https://arg-sales.com/remates/view/345,10-04-2025,13-04-2025
TE VERAN PASAR,MOOTASADIR (GB),ARIANE'S WISH,.015991021,.55104572,.02901941,.044452887,0,4,50.615795,Yes,No,3,79.445206,No,No,0,0,.042158246,.016224772,-.092168458,.018869378,.048885778,.0023415349,-.014918739,.0284392688545267,9.0767126,6,442991,17aug2023,1,62,EL PARAISO,https://arg-sales.com/remates/view/346,26-04-2025,26-04-2025
TEAM VIOLET,DANIEL BOONE (BRZ),TALK OF ANGELS,.016738765,.62492782,.026785117,.05479452,0,3,85.850914,No,No,7,50.220657,No,No,0,0,.012463212,.0043926984,-.028894261,-.011530437,-.12353785,-.0031422824,-.0088911233,.0380666309283697,7.9397259,4,444542,05sep2023,1,36,SANTA MARÍA DE ARARAS,https://arg-sales.com/remates/view/345,10-04-2025,13-04-2025
TELEGRAM,SOVEREIGN (IRE),WHATSAPEAME,.019967629,.67620879,.029528793,.044452887,0,0,92.757339,Yes,No,15,,No,No,0,,.066116482,.02196908,.039156273,.02265669,-.16779767,-.00084356591,-.056568809,.0352918462449452,6.0657535,1,444085,04aug2023,2,39,EL MALLÍN,https://antoniobullrich.com/remates/copa-bullrich-abril-14h/lotes,10/04/2025,10/04/2025
TEQUILA LIMON Y SAL,MOOTASADIR (GB),SIREN CALL,.0153306,.62494081,.024531282,.044452887,0,5,97.278458,No,No,18,104.50328,No,No,0,0,.033342719,.016224772,-.092168458,-.012512743,-.03399609,.019688223,-.014918739,.0299864433218318,10.90411,6,443680,22aug2023,1,51,EL PARAISO,https://arg-sales.com/remates/view/346,26-04-2025,26-04-2025
TESKA,MOOTASADIR (GB),ANGIOLESKA,.013244593,.55603898,.02381954,.044452887,0,4,69.551544,No,No,4,92.253914,No,No,0,0,-.021313578,.016224772,-.092168458,-.040260851,.050240234,-.0001042746,-.014918739,.0277931330101637,9.1205482,5,445703,22sep2023,1,49,EL PARAISO,https://arg-sales.com/remates/view/346,26-04-2025,26-04-2025
TESTIGO FALSO,MOOTASADIR (GB),IWALERA,.023489607,.70122534,.033497944,.044452887,.11111111,9,,No,No,0,114.85769,YES,YES,4,.03539823,.042158246,.016224772,-.092168458,-.012512743,.2083759,-.030611757,-.014918739,.0171907313997508,17.079453,10,442992,17aug2023,2,57,EL PARAISO,https://arg-sales.com/remates/view/346,26-04-2025,26-04-2025
THE BANDIT,MOOTASADIR (GB),ISHIDORA,.0078498814,.50975168,.015399422,.044452887,0,4,84.648056,No,No,5,,No,No,0,,-.042470843,.016224772,-.092168458,-.040260851,-.17511401,-.0028922558,-.014918739,.0230437188711221,9.1232872,5,445729,04oct2023,2,68,EL PARAISO,https://arg-sales.com/remates/view/346,26-04-2025,26-04-2025
THE GREAT BAMB,THE GREAT DAY,BAMCUCA NISTEL,.024804283,.57734591,.042962603,.044452887,0,5,114.66869,Yes,Yes,20,104.69616,YES,No,1,.06666667,-.098137081,.040726453,-.049204439,-.018268876,.069243804,.046826683,-.0039320728,.0549684652651194,12.142466,6,446918,24oct2023,2,12,FIRMAMENTO,https://antoniobullrich.com/remates/gran-venta-seleccion-haras-firmamento/lotes,22/04/2025,22/04/2025
THE GREAT BIA,THE GREAT DAY,VALDOBBIA,.025435174,.7260778,.03503092,.044452887,0,3,,No,No,0,75.741531,No,No,0,0,.023517251,.040726453,.054199427,-.060937375,-.15481742,-.011148207,-.051267795,.0221107771503739,7.9424658,4,442824,16aug2023,1,34,FIRMAMENTO,https://antoniobullrich.com/remates/gran-venta-seleccion-haras-firmamento/lotes,22/04/2025,22/04/2025
THE GREAT COCKTAIL,THE GREAT DAY,COCKTAIL ATTIRE (USA),.065009348,.72250158,.089978136,.044452887,.14285715,7,,No,No,0,111.63184,YES,YES,8,.1632653,.048200756,.040726453,.054199427,.13771644,.41186839,-.058309983,.0371245,.02585530160286,18.50411,10,442424,02aug2023,2,1,FIRMAMENTO,https://antoniobullrich.com/remates/gran-venta-seleccion-haras-firmamento/lotes,22/04/2025,22/04/2025
THE GREAT CONY,THE GREAT DAY,CONNIE SEATTLE,.021358453,.70555639,.030271787,.044452887,0,2,108.74113,Yes,No,14,68.79541,No,No,0,0,-.085795343,.040726453,-.049204439,.011909671,-.1573149,-.014437634,-.0039320728,.0407847681417479,8.2684927,3,446295,17oct2023,2,13,FIRMAMENTO,https://antoniobullrich.com/remates/gran-venta-seleccion-haras-firmamento/lotes,22/04/2025,22/04/2025
THE GREAT DANDY,THE GREAT DAY,DISTINGUIDA ZENDA,.028656321,.6696195,.042794932,.044452887,0,1,97.117958,No,No,11,,No,No,0,,.051726967,.040726453,.054199427,-.0033320189,-.17283064,.017762244,-.0039320728,.0368484780046856,6.8136988,2,442412,31jul2023,2,21,FIRMAMENTO,https://antoniobullrich.com/remates/gran-venta-seleccion-haras-firmamento/lotes,22/04/2025,22/04/2025
THE GREAT FANTASTIC,THE GREAT DAY,FOOT SLEW,.029019179,.54627502,.053121921,.044452887,0,6,99.585983,No,No,18,107.57819,YES,YES,4,.23529412,-.013507962,.040726453,.054199427,-.060937375,.19081706,-.052686907,-.0039320728,.0409049041081744,12.041096,7,443270,06sep2023,1,36,FIRMAMENTO,https://antoniobullrich.com/remates/gran-venta-seleccion-haras-firmamento/lotes,22/04/2025,22/04/2025
THE GREAT MAT,THE GREAT DAY,MISS MAT SEATTLE,.028584911,.6186344,.046206467,.044452887,0,1,103.32668,Yes,Yes,8,,No,No,0,,.051726967,.040726453,.054199427,.087356031,-.17283064,-.014437634,-.0039320728,.0375809761244454,6.8438358,2,442414,31jul2023,1,37,FIRMAMENTO,https://antoniobullrich.com/remates/gran-venta-seleccion-haras-firmamento/lotes,22/04/2025,22/04/2025
THE GREAT MISS,THE GREAT DAY,STARRY MISS,.036546506,.63047123,.057966966,.044452887,0,6,93.064842,No,No,2,103.31033,No,No,0,0,-.011744857,.040726453,.054199427,-.060937375,.17420521,.036304638,-.0039320728,.035371112426219,13.975343,9,443264,05sep2023,1,38,FIRMAMENTO,https://antoniobullrich.com/remates/gran-venta-seleccion-haras-firmamento/lotes,22/04/2025,22/04/2025
THE GREAT RYE,THE GREAT DAY,TWINS RYE,.049310349,.71623874,.068846248,.044452887,0,3,103.69336,YES,YES,10,90.648376,No,No,0,0,.060542494,.040726453,.054199427,.30377659,-.042819828,-.026284695,-.0039320728,.0256591830584512,9.838356,6,441829,26jul2023,2,10,FIRMAMENTO,https://antoniobullrich.com/remates/gran-venta-seleccion-haras-firmamento/lotes,22/04/2025,22/04/2025
THE GREAT TERMS,THE GREAT DAY,TERMS RYE,.02804173,.70810276,.039601214,.044452887,0,4,78.864731,No,No,1,109.91469,YES,Yes,2,.074074075,-.062874943,.040726453,.054199427,-.060937375,-.023954853,-.016107701,-.0039320728,.0261645817990939,10.241096,5,446311,04oct2023,2,16,FIRMAMENTO,https://antoniobullrich.com/remates/gran-venta-seleccion-haras-firmamento/lotes,22/04/2025,22/04/2025
THE GREAT VIN,THE GREAT DAY,CONNIVING (GB),.023713795,.55523044,.042709827,.044452887,0,11,,No,No,0,105.54942,YES,YES,3,.083333336,-.098137081,.040726453,-.049204439,-.060937375,.18153253,-.068276085,.0371245,.0289364905038383,21.59726,10,446908,24oct2023,2,4,FIRMAMENTO,https://antoniobullrich.com/remates/gran-venta-seleccion-haras-firmamento/lotes,22/04/2025,22/04/2025
THE GREAT WEEK,THE GREAT DAY,KASCHA (USA),.044036392,.66299677,.06642022,.044452887,.16666667,12,,No,No,0,116.01454,YES,YES,24,.13483146,.011175513,.040726453,.054199427,-.060937375,.37904269,-.068276085,-.0039320728,.0229223205387825,20.438356,10,442811,23aug2023,2,8,FIRMAMENTO,https://antoniobullrich.com/remates/gran-venta-seleccion-haras-firmamento/lotes,22/04/2025,22/04/2025
TIEMPO REAL,MOOTASADIR (GB),BRANNYIKA,.02753037,.7167173,.038411755,.044452887,0,9,76.843178,No,No,5,113.62524,YES,YES,4,.043010753,.086235911,.016224772,.011235401,-.012512743,.11038378,-.031897377,.032416984,.0218188033322804,15.049315,10,441967,23jul2023,2,76,EL PARAISO,https://arg-sales.com/remates/view/346,26-04-2025,26-04-2025
TIGRE DEL LLANO,MOOTASADIR (GB),STILL DREAM,.019663854,.7055527,.027870143,.044452887,0,3,98.402504,YES,YES,14,38.682556,No,No,0,0,.10210389,.016224772,.011235401,.026802585,-.15959826,.013586346,-.014918739,.0279606583153509,9.8273973,5,441979,14jul2023,2,39,EL PARAISO,https://arg-sales.com/remates/view/346,26-04-2025,26-04-2025
TINCHINIO,SOVEREIGN (IRE),TONINHA,.028905094,.74071622,.039023168,.044452887,.11111111,9,57.763218,No,No,2,111.01295,YES,Yes,3,.028037382,-.03261748,.02196908,.039156273,-.012187745,.12377955,-.015415218,-.0092330873,.0353300805072649,15.871233,10,445491,29sep2023,2,33,EL MALLÍN,https://antoniobullrich.com/remates/copa-bullrich-abril-14h/lotes,10/04/2025,10/04/2025
TOLEDANA,MOOTASADIR (GB),ANTARALINA,.013130394,.62330687,.021065697,.044452887,0,2,89.857193,No,No,3,25.727358,No,No,0,0,.031579614,.016224772,-.092168458,.018869378,-.17230974,.037147004,-.014918739,.0363525677994403,6.9260273,4,443673,23aug2023,1,47,EL PARAISO,https://arg-sales.com/remates/view/346,26-04-2025,26-04-2025
TOMA LA DELANTERA,MOOTASADIR (GB),ALAS NIVEAS,.01098474,.59587497,.01843464,.044452887,0,4,,No,No,0,68.585434,No,No,0,0,.028053403,.016224772,-.092168458,-.040260851,-.15116186,.0019184388,-.014918739,.0299638530677839,8.1150684,5,443669,25aug2023,1,72,EL PARAISO,https://arg-sales.com/remates/view/346,26-04-2025,26-04-2025
TOP ONE DAY,THE GREAT DAY,TOP ONE STEP,.025774729,.6508078,.039604209,.044452887,0,4,107.33942,No,No,13,92.689369,No,No,0,0,-.07169047,.040726453,.054199427,-.060937375,-.027946845,-.0032452494,-.0039320728,.0336793713722727,12.134247,7,446319,09oct2023,2,6,FIRMAMENTO,https://antoniobullrich.com/remates/gran-venta-seleccion-haras-firmamento/lotes,22/04/2025,22/04/2025
TORRE ESPERANZA,MOOTASADIR (GB),ALTHEANA,.013785071,.56710184,.024307929,.044452887,0,4,,No,No,0,80.496849,No,No,0,0,.095051438,.016224772,.011235401,-.040260851,-.17014696,.012877878,-.014918739,.0271887744429478,8.7369862,6,441976,18jul2023,1,73,EL PARAISO,https://arg-sales.com/remates/view/346,26-04-2025,26-04-2025
TOULOUSE,DANIEL BOONE (BRZ),TATIE QUEEN,.028347328,.68137723,.041602988,.05479452,0,4,72.879929,No,No,4,89.945869,YES,No,1,.02,.050558269,.0043926984,-.027902789,-.034246203,.12057719,.036340494,-.0088911233,.0329097046487732,8.9479456,5,443370,20aug2023,2,14,SANTA MARÍA DE ARARAS,https://arg-sales.com/remates/view/345,10-04-2025,13-04-2025
TRIPLE FRONTERA,MOOTASADIR (GB),SOFT COPY,.014150449,.59248871,.023883069,.044452887,0,4,85.101921,No,No,13,84.508415,No,No,0,0,.03686893,.016224772,-.092168458,-.0041497685,-.046972901,.004433535,-.014918739,.0271149020481971,11.087671,6,443002,20aug2023,1,58,EL PARAISO,https://arg-sales.com/remates/view/346,26-04-2025,26-04-2025
TROVATORE,DANIEL BOONE (BRZ),TRI BACANA (USA),.023278048,.63382608,.03672624,.05479452,0,9,94.339882,No,No,3,102.84259,No,No,0,0,-.051822305,.0043926984,-.032244526,.14780805,.0087255687,-.058217164,.032165449,.0400206527410774,17.684931,10,445905,02oct2023,2,29,SANTA MARÍA DE ARARAS,https://arg-sales.com/remates/view/345,10-04-2025,13-04-2025
TRUCO GALLO,FORTIFY (USA),TROPEADORA,.037465252,.6170634,.060715403,.12832929,0,0,113.88181,YES,YES,11,,No,No,0,,-.039917588,-.036348134,.30397797,.34374192,-.13379321,-.022631638,.032165449,.0395159905674518,5.1095891,1,445896,27sep2023,2,2,SANTA MARÍA DE ARARAS,https://arg-sales.com/remates/view/345,10-04-2025,13-04-2025
TRUMAN CAPOTE,NICHOLAS,GOLIGHTLY,.0068905046,.50744647,.013578781,0,0,0,96.405952,YES,No,19,,No,No,0,,-.0029100776,-.029738441,-.021881633,.081698954,-.093917139,.017899167,.04245194,.0360498602276493,6.9726028,1,447000,17sep2023,2,52,EL MALLÍN,https://antoniobullrich.com/remates/copa-bullrich-abril-14h/lotes,10/04/2025,10/04/2025
TWEEDY GUY,UNCLE CHUCK (USA),TWEEDY LADY,.01755169,.63479275,.027649483,.044452887,0,4,104.58372,No,No,16,93.233475,No,No,0,0,.092085838,-.044072285,-.11835261,-.032904573,.054333568,.00056868047,-.0063206535,.0278688910912024,10.983562,6,442774,30jul2023,2,11,SANTA INÉS,https://antoniobullrich.com/remates/copa-bullrich-abril-14h/lotes,10/04/2025,10/04/2025
UN RELAMPAGO,TREASURE BEACH (GB),UNA DIOSA,.015460368,.58560103,.026400855,.044444446,.25,4,96.985077,No,No,1,107.50865,YES,Yes,1,.05882353,-.0016666651,.014311358,-.055998981,.10128355,.12924285,-.0049278103,-.003791701,.0391990015268675,10.928767,7,443831,27aug2023,2,9,EL CHAÑAR,https://antoniobullrich.com/remates/copa-bullrich-abril-14h/lotes,10/04/2025,10/04/2025
UNA BANDA,SOVEREIGN (IRE),UNA BOCHA,.027586205,.6627385,.041624568,.044452887,.2,5,90.877731,No,No,5,96.757118,YES,Yes,1,.035714287,-.053774774,.02196908,.039156273,-.012187745,.16306774,.013627473,-.0092330873,.0309838124521775,10.169863,6,447010,11oct2023,1,44,EL MALLÍN,https://antoniobullrich.com/remates/copa-bullrich-abril-14h/lotes,10/04/2025,10/04/2025
VAE SOLI,DANIEL BOONE (BRZ),VISION OF MOON,.024840558,.61358112,.040484555,.05479452,0,6,103.69915,YES,YES,11,90.40126,No,No,0,0,-.092298329,.0043926984,-.034301601,.16488409,.11259767,-.025624871,-.0088911233,.0343734835041687,11.071233,7,447387,19oct2023,2,31,SANTA MARÍA DE ARARAS,https://arg-sales.com/remates/view/345,10-04-2025,13-04-2025
VATUIRA,IL MERCATO,VEGETTA,.015463426,.7263422,.021289449,.023809524,0,4,,No,No,0,104.74057,Yes,Yes,0,0,.015506655,-.070415273,-.015877604,-.082668878,-.027887926,.016114257,.030643947,.0273132805741625,8.8657532,5,443192,20aug2023,2,19,LA PASIÓN,https://antoniobullrich.com/remates/gran-venta-seleccion-haras-la-pasion-14h/lotes,24/04/2025,24/04/2025
VENUS WIN,GERSHWIN (USA),VETTORA,.025399823,.77459592,.032791063,.044452887,0,2,,No,No,0,82.997337,No,No,0,0,.10189888,.060747832,.035004646,-.082668878,.074594572,.0050615445,-.057748348,.0283232041838346,8.8493147,5,443056,02jul2023,1,38,LA PASIÓN,https://antoniobullrich.com/remates/gran-venta-seleccion-haras-la-pasion-14h/lotes,24/04/2025,24/04/2025
VERTIGINOSO,JAPAN (USA),VIVA LAS VEGAS,.018258348,.60988951,.029937141,.044452887,0,5,90.054146,No,No,7,99.600792,No,No,0,0,-.08277458,-.036348134,.097934663,-.050845765,-.059200503,.052356515,-.0088911233,.0368065084912814,13.10685,9,447381,15oct2023,2,42,SANTA MARÍA DE ARARAS,https://arg-sales.com/remates/view/345,10-04-2025,13-04-2025
VERZINO,GOUVERNEUR MORRIS (USA),VENTURA OUT,.025257936,.78419018,.032208942,.044452887,0,3,100.18252,No,No,11,104.96729,YES,YES,4,.26666668,.045479476,.060747832,-.027805567,.045361318,.067677617,-.056206506,-.010412626,.0292813687738089,9.9808216,4,442731,03aug2023,2,10,LA PASIÓN,https://antoniobullrich.com/remates/gran-venta-seleccion-haras-la-pasion-14h/lotes,24/04/2025,24/04/2025
VITAMINA BOMB,HIT IT A BOMB (USA),VITAMINA CAT,.024671016,.65131438,.037878815,.057971016,.125,8,,No,No,0,116.72989,YES,YES,2,.045454547,-.050533205,-.051575616,-.049575925,-.060937375,.16287434,-.051180083,-.0039320728,.0337510548815771,12.980822,9,446324,27sep2023,1,40,FIRMAMENTO,https://antoniobullrich.com/remates/gran-venta-seleccion-haras-firmamento/lotes,22/04/2025,22/04/2025
WOODY MATIC,PNEUMATIC (USA),WAVE PEDANT,.0055946219,.42134288,.013278074,.044452887,0,3,98.376556,No,No,7,,No,No,0,,-.039393783,.052512281,-.014176421,.049829133,-.11967054,-.012401558,.034733403,.0312132743783877,11.010959,6,444027,18sep2023,2,29,EL ARROYO,https://antoniobullrich.com/remates/copa-bullrich-abril-14h/lotes,10/04/2025,10/04/2025
