rank,name,padrillo,M,PRS,PR,PS,Sire_Stk_Wnrs_Rnrs,MomSib_Sibs_at2y,Dam_Mean_T3_BSN,Dam_Raced_STK,Dam_Placed_STK,Dam_Total_Rcs,Best_Foal_Bsn,Best_Foal_Raced_Stk,Best_Foal_Placed_Stk,Dam_Sib_Total_G1G2,DamSibs_G1G2_Total,PRS_Value,ownCharac,father,Fathsiblings,mother,Momsiblings,uncles,maternalParents,inbreedingCoefficient,M_age_at_birth,M_season,MomSib_Sibs_raced_at2y,MomSib_wnrs_STK_at2y,MSib_STK_won_at2y,MSib_mean_cumAEI_at2y,studbook_id,birth_month,criador_PRS,criador_PR,criador_PS,criador,offs_stk_rnrs,offs_stk_wnrs,sire_ps,birth_eday,MomSib_wnrs3yo_at2y,FathSib_runshare_3yo,sex,Dam_Won_G1_STK,Dam_Won_STK,FathSibSTKWnrsPerRnr,FathSibSTKWnrsPerOffs,MSib_StkWnrs_Offs,FathSib_STKWinnersLast4Gens,FathSibSTKWnrShL4Gens,lote,haras,link,start,end_date,f_STK_races_total_races,raced_won_g1_yn,cei_per_offs
1059,AFRO HOUSE,UNCLE CHUCK (USA),ALBINIA,.019240445,.69863999,.027539857,.045763995,3,107.43984,No,No,10,73.905251,YES,YES,1,.16666667,4232.8979,.0050259829,.17693698,-.044087578,.080738664,.24096306,-.022301808,.0069727316,.0419418365199817,10.947946,6,1,0,1,1.1984503,443339,9,0,.625,0,Las Retamas,0,0,.13284941,06sep2023,0,0,2,0,0,0,0,0,0,0,31,La Pasión e Invitados,https://www.fallowremates.com/remates/10,2025-06-26 13:00:00,2025-06-26 23:00:00,,n-n-n,2.3969007
144,ALGO DIFERENTE,FORTIFY (USA),ALBERETA,.041492969,.7316587,.056710828,.13122173,2,105.64335,No,No,10,72.511383,No,No,0,0,9128.4531,.2084752,.010020025,.39032814,.12121011,-.023066558,.065670304,.0069727316,.0349410609996994,9.9890413,5,1,0,0,.16480844,442099,8,.021922439,.67310011,.03256936,Vacacion,0,0,.40034816,04aug2023,0,.55909091,2,0,0,.13181818,.080221303,0,31,.074879229,1,VACACIÓN,https://arg-sales.com/remates/view/351,03-07-2025,06-07-2025,.14814,n-n-n,1.0712548
1173,ALMAS GEMELAS,UNCLE CHUCK (USA),ANE ALAIA,.017826242,.56116736,.031766355,.045763995,5,14.558807,No,No,2,79.912979,No,No,0,0,3921.7734,.18097666,.17693698,-.044087578,-.040675689,.042813823,.025335953,.0069727316,.0338175547076389,12.920547,9,2,0,0,.07750117,443815,8,.021922439,.67310011,.03256936,Vacacion,0,0,.13284941,19aug2023,0,0,1,0,0,0,0,0,0,0,29,VACACIÓN,https://arg-sales.com/remates/view/351,03-07-2025,06-07-2025,,n-n-n,.68201035
767,ALMOFALA,SEÑOR CANDY (USA),A DAY IN LIFE,.023019889,.66103625,.034823943,.047058824,1,106.75247,Yes,Yes,15,92.289047,No,No,0,0,5064.3755,.13742974,-.12531514,.064218514,.067248181,-.026854541,.030342974,.046897903,.0211591921142826,8.9260273,4,1,0,0,.1426302,442403,7,.046257894,.7330097,.063106798,Carampangue,0,0,-.061096631,13jul2023,0,.51574802,1,0,0,.043307088,.025462963,0,8,.028776979,11,CARAMPANGUE,https://arg-sales.com/remates/view/355,12-07-2025,15-07-2025,.080167174,y-n-n,1.4263021
699,AMAPOLA,FORGE (GB),AMITAI,.024199888,.63404638,.03816738,.034883723,1,108.65225,No,No,7,71.254051,No,No,0,0,5323.9756,.043543458,.010020025,.019184353,.19058976,-.064518794,.049998239,.0069727316,.0194592971856764,8.9095888,4,0,0,0,.12314658,443401,8,.046257894,.7330097,.063106798,Carampangue,0,0,.029204378,21aug2023,0,.53488374,1,0,0,.023255814,.012578616,0,3,.02,32,CARAMPANGUE,https://arg-sales.com/remates/view/355,12-07-2025,15-07-2025,.078369908,n-n-n,.98517263
2357,AMIGO IMPARABLE,ANGIOLO,IDIALA,.0094944574,.60377198,.015725236,.059459459,0,,No,No,0,,No,No,0,0,2088.7805,.036321402,.019550644,.077491328,-.040675689,-.064518794,.082127869,.0069727316,.0461754086027213,6.0876713,3,0,0,0,.28346449,443076,8,0,.68181819,0,Marletta Leandro Guido De La Cruz,0,0,.097041972,24aug2023,0,.62522525,2,0,0,.057657659,.040506329,0,10,.027548209,33,La Pasión e Invitados,https://www.fallowremates.com/remates/10,2025-06-26 13:00:00,2025-06-26 23:00:00,.067511939,n-n-n,
2297,BABY TALK,LE BLUES,BELLEZA COTIDIANA,.0098057715,.57104778,.017171543,.06530612,0,,No,No,0,,No,No,0,,2157.2698,.056316674,-.089098692,.10809137,-.040675689,-.064518794,.058432922,.0069727316,.0254857381223701,5.2712331,1,0,0,0,0,447203,10,.021922439,.67310011,.03256936,Vacacion,0,0,.018992677,26oct2023,0,.52439022,2,0,0,.060975611,.034965035,0,7,.028455285,19,VACACIÓN,https://arg-sales.com/remates/view/351,03-07-2025,06-07-2025,.097902097,n-n-n,
2378,BEACH HEAVEN,BACKYARD HEAVEN (USA),VERDANA BEACH,.0094105471,.52894354,.017791213,.045763995,0,86.30072,No,No,33,,No,No,0,,2070.3203,.10613433,.17693698,-.058300748,-.028411612,-.064518794,.0050397888,.046897903,.0408738251499017,6.9671235,1,0,0,0,0,447282,7,0,.48076922,0,Moscon Santo Hector,0,0,.11863624,26jul2023,0,0,2,0,0,0,0,0,0,0,25,La Pasión e Invitados,https://www.fallowremates.com/remates/10,2025-06-26 13:00:00,2025-06-26 23:00:00,,n-n-n,
2849,BELLECHASSE,UNCLE CHUCK (USA),LOVE YOUR SMILE,.0075933621,.47798586,.015886165,.045763995,0,81.490692,No,No,5,,No,No,0,,1670.5397,.043543458,.17693698,-.044087578,-.0093470328,-.064518794,.028961085,.0069727316,.0554094727267511,5.9342465,1,0,0,0,0,444924,8,.014792901,.76923078,.01923077,Haras Embrujo S.A.,0,0,.13284941,21aug2023,0,0,1,0,0,0,0,0,0,0,30,VACACIÓN,https://arg-sales.com/remates/view/351,03-07-2025,06-07-2025,,n-n-n,
696,BELLEZA URUGUAYA,UNCLE CHUCK (USA),BELLEZA ROMANA,.024338752,.58078289,.0419068,.045763995,4,102.39017,YES,YES,15,99.168068,Yes,No,0,0,5354.5254,.089314878,.17693698,-.044087578,.21228267,.038887836,.049268574,.0069727316,.0432161661301507,11.073973,6,2,0,0,.19294548,445624,10,.021922439,.67310011,.03256936,Vacacion,0,0,.13284941,08oct2023,0,0,1,0,0,0,0,0,0,0,35,VACACIÓN,https://arg-sales.com/remates/view/351,03-07-2025,06-07-2025,,y-n-n,1.3988547
1116,BENDITA SUERTE,SEAHENGE (USA),BENDITA ROY,.018526563,.65354079,.028347984,.024,0,,No,No,0,,No,No,0,,4075.844,.25797254,.046236463,-.0011197344,-.040675689,-.064518794,.10584204,.0069727316,.0322657440774492,3.9726028,1,0,0,0,0,441599,7,.021922439,.67310011,.03256936,Vacacion,0,0,.04511673,08jul2023,0,.62698412,1,0,0,.015873017,.0090909088,0,3,.013636364,37,VACACIÓN,https://arg-sales.com/remates/view/351,03-07-2025,06-07-2025,.058449809,n-n-n,
1478,BERNICIA,CITYSCAPE (GB),BE THE ONE,.014992843,.53618932,.027961846,.08510638,0,,No,No,0,,No,No,0,,3298.4255,.13881224,.1548858,.080878586,-.040675689,-.064518794,.028961085,.0069727316,.0647010803222656,4.1698632,1,0,0,0,0,443800,9,.021922439,.67310011,.03256936,Vacacion,0,0,.23576438,11sep2023,0,.44444445,1,0,0,.081196584,.04357798,0,3,.020979021,11,VACACIÓN,https://arg-sales.com/remates/view/351,03-07-2025,06-07-2025,.097040609,n-n-n,
1069,BEST SELLER,FORTIFY (USA),MODERN AGE,.019037664,.70320457,.027072724,.13122173,3,114.07749,Yes,Yes,27,89.754364,No,No,0,0,4188.2861,-.035898805,.010020025,.39032814,.049260866,-.035493098,.037676699,.0069727316,.0215756743382371,12.150685,6,2,0,0,.075741038,444714,9,0,.61290324,0,Doña Pancha,0,0,.40034816,23sep2023,0,.55909091,2,0,0,.13181818,.075129531,0,31,.074879229,5,VACACIÓN,https://arg-sales.com/remates/view/351,03-07-2025,06-07-2025,.14814,y-n-n,.88364547
618,BIG CRUSH,LE BLUES,BABBY CRUSH,.025724635,.64276761,.040021673,.06530612,2,102.82111,YES,YES,10,93.836571,YES,No,1,.090909094,5659.4194,.1938093,-.089098692,.10809137,.29322553,.030242734,.034700327,-.041714434,.0218501397794171,9.9287672,5,2,0,0,.33725232,442667,8,.021922439,.67310011,.03256936,Vacacion,0,0,.018992677,12aug2023,0,.52439022,1,0,0,.060975611,.040106952,0,7,.028455285,17,VACACIÓN,https://arg-sales.com/remates/view/351,03-07-2025,06-07-2025,.097902097,y-n-n,1.8548877
3112,BLUEGRASS LADY,UNCLE CHUCK (USA),BLUEGRASS PALOMA,.006783735,.42032242,.01613936,.045763995,0,76.345314,No,No,5,,No,No,0,,1492.4218,.082060874,.17693698,-.044087578,-.0093470328,-.064518794,-.041264102,.046897903,.0250872391479788,7.9917808,2,0,0,0,0,445053,8,0,.80000001,0,Bravo Luis Alberto,0,0,.13284941,05aug2023,0,0,1,0,0,0,0,0,0,0,23,CARAMPANGUE,https://arg-sales.com/remates/view/355,12-07-2025,15-07-2025,,n-n-n,
1256,BRIGADISTA,DANIEL BOONE (BRZ),BRANCA SOY,.016959632,.59915322,.028306002,.049079753,0,,No,No,0,,No,No,0,,3731.1189,.16150317,.046236463,-.035044897,-.040675689,-.064518794,-.041264102,-.0017892607,.0374735566183517,3.9342465,1,0,0,0,0,441758,7,.030521372,.66343826,.046004843,Santa Maria De Araras,0,0,.011191566,03jul2023,0,.45962733,2,0,0,.043478262,.022875817,0,2,.0080645159,32,Juan Antonio y Santa Maria de Araras e Invitados,https://www.fallowremates.com/remates/5,2025-05-19 18:00:00,2025-05-19 23:00:00,.077348068,n-n-n,
2235,CABERNET FRANC,GOUVERNEUR MORRIS (USA),IRISH CRUSH (IRE),.010158741,.76960713,.013199905,.045763995,0,,No,No,0,,No,No,0,,2234.9231,-.079230964,.010020025,.023248706,.15313363,-.064518794,-.041264102,.046897903,.0274767794835498,5.6383562,2,0,0,0,0,446102,10,.023596939,.66071427,.035714287,La Nora,0,0,.033268731,11oct2023,0,1,2,0,0,.0625,.0057803467,0,2,.024691358,26,La Pasión e Invitados,https://www.fallowremates.com/remates/10,2025-06-26 13:00:00,2025-06-26 23:00:00,.24324325,n-n-n,
603,CALIPSO,SEAHENGE (USA),CAPITOLIA,.025961142,.7320559,.035463333,.024,2,96.350327,YES,YES,11,95.101646,YES,YES,2,.13333334,5711.4512,.050816953,.046236463,-.0011197344,.24171646,.12509425,-.015419347,.0069727316,.0183657418929215,11.249315,6,1,0,0,.16519518,447206,10,.021922439,.67310011,.03256936,Vacacion,0,0,.04511673,29oct2023,0,.62698412,2,0,0,.015873017,.006849315,0,3,.013636364,46,VACACIÓN,https://arg-sales.com/remates/view/351,03-07-2025,06-07-2025,.058449809,y-n-n,1.2389638
1003,CONVOITE,SEÑOR CANDY (USA),CODICIAR,.019892003,.53360766,.037278332,.047058824,0,103.29565,YES,Yes,15,,No,No,0,0,4376.2407,.1518738,-.12531514,.064218514,.067248181,-.064518794,.049998239,.0069727316,.0525295952538727,7.9616437,2,0,0,0,.022478387,442396,7,.041799586,.67808217,.061643835,La Manija,0,0,-.061096631,07jul2023,0,.51574802,1,0,0,.043307088,.025581395,0,8,.028776979,7,CARAMPANGUE,https://arg-sales.com/remates/view/355,12-07-2025,15-07-2025,.080167174,y-n-n,
1238,COOL ROMAN,IMPERADOR,CALMA ROMANA,.017101791,.69261456,.024691643,,1,91.008263,No,No,4,78.355537,No,No,0,0,3762.394,.23780695,-.041797489,-.054164253,-.0015148669,-.042743973,.082127869,.0069727316,.0241717128410528,7.8849316,4,1,0,0,.34493333,441807,7,.021922439,.67310011,.03256936,Vacacion,0,0,-.095961742,19jul2023,0,0,2,0,0,0,0,0,0,0,47,VACACIÓN,https://arg-sales.com/remates/view/351,03-07-2025,06-07-2025,,n-n-n,1.0347999
909,CORROIG,GOUVERNEUR MORRIS (USA),PALPITACION,.020847229,.76932847,.027097957,.045763995,9,95.907608,No,No,13,126.70346,YES,Yes,2,.02631579,4586.3906,.080148757,.010020025,.023248706,-.063740917,.25611216,-.02760745,.0069727316,.046093084369204,18.071234,10,8,0,2,.33586273,445582,10,.024760496,.71153843,.034798536,La Pasion,0,0,.033268731,13oct2023,0,1,2,0,0,.0625,.0057142857,0,2,.024691358,1,La Pasión e Invitados,https://www.fallowremates.com/remates/10,2025-06-26 13:00:00,2025-06-26 23:00:00,.24324325,n-n-n,2.836174
557,CRAZY,TREASURE BEACH (GB),CRAZY ARROW,.026673673,.59305519,.044976711,.041189931,5,102.66889,YES,YES,8,113.97782,YES,YES,6,.13043478,5868.208,-.035898805,.010020025,-.0010436008,-.063740917,.34156424,.025695063,.0069727316,.0319033291307278,15.884932,10,4,0,1,.55066204,445043,9,.041799586,.67808217,.061643835,La Manija,0,0,.0089764241,23sep2023,0,.52402747,2,0,0,.038901601,.023480663,0,3,.0099337753,1,CARAMPANGUE,https://arg-sales.com/remates/view/355,12-07-2025,15-07-2025,.066847712,y-n-n,5.0660906
3741,CRAZY TIGGER,COSMIC TRIGGER,CRAZY STRIPES,.0051923036,.45768902,.011344611,.074509807,2,,No,No,0,85.670319,No,No,0,0,1142.3068,.06761682,-.12531514,.12357467,-.040675689,-.064518794,.034700327,-.041714434,.0311088701237168,9.0794525,6,0,0,0,.12334829,442307,8,0,.68181819,0,Marletta Leandro Guido De La Cruz,0,0,-.001740478,11aug2023,0,.45882353,1,0,0,.070588239,.036144577,0,11,.032258064,35,La Pasión e Invitados,https://www.fallowremates.com/remates/10,2025-06-26 13:00:00,2025-06-26 23:00:00,.10509108,n-n-n,.5550673
2126,DABLAMA,IL MERCATO,DESCONSOLADA,.010734802,.62568587,.017156856,.018181818,0,86.496185,No,No,9,,No,No,0,,2361.6565,.19564253,-.089098692,-.066953599,.0042925887,-.064518794,.01050166,.046897903,.0330496797269006,6.0465755,1,0,0,0,0,442730,8,.024760496,.71153843,.034798536,La Pasion,0,0,-.15605229,11aug2023,0,.57407409,1,0,0,0,0,0,1,.0080645159,11,La Pasión e Invitados,https://www.fallowremates.com/remates/10,2025-06-26 13:00:00,2025-06-26 23:00:00,.059800666,n-n-n,
535,DATO DEL DIA,UNCLE CHUCK (USA),DIA PRIMAVERAL,.027004234,.64664245,.041760691,.045763995,2,105.43349,YES,YES,14,34.535042,No,No,0,0,5940.9316,.15531138,.17693698,-.044087578,.18915612,-.039239012,.082127869,.0069727316,.0451099023557617,9.1534243,4,1,0,0,.31678388,443522,9,.021922439,.67310011,.03256936,Vacacion,0,0,.13284941,02sep2023,0,0,2,0,0,0,0,0,0,0,31,VACACIÓN,https://arg-sales.com/remates/view/351,03-07-2025,06-07-2025,,y-n-n,.63356775
2408,DEEP FEELING,SEAHENGE (USA),DIA DE FELICIDAD,.0092430757,.58653486,.015758783,.024,3,,No,No,0,,No,No,0,0,2033.4767,.074649036,.046236463,-.0011197344,-.040675689,-.064518794,.013876881,-.041714434,.0641510108980583,8.2849312,5,0,0,0,.10663635,446558,10,.021922439,.67310011,.03256936,Vacacion,0,0,.04511673,16oct2023,0,.62698412,1,0,0,.015873017,.0070671379,0,3,.013636364,45,VACACIÓN,https://arg-sales.com/remates/view/351,03-07-2025,06-07-2025,.058449809,n-n-n,.10663635
2862,DONACIANO,SEÑOR CANDY (USA),DOCILIDAD,.0075577325,.40585816,.01862161,.047058824,3,,No,No,0,32.92046,No,No,0,0,1662.7012,-.12015575,-.12531514,.064218514,-.040675689,-.064518794,.025695063,.0069727316,.0297065938211745,9.2465754,5,0,0,0,.326426,446586,10,.041799586,.67808217,.061643835,La Manija,0,0,-.061096631,28oct2023,0,.51574802,2,0,0,.043307088,.021113243,0,8,.028776979,8,CARAMPANGUE,https://arg-sales.com/remates/view/355,12-07-2025,15-07-2025,.080167174,n-n-n,.76166064
1434,EL BOSQUE,IL CAMPIONE (CHI),EZKURRA,.015378501,.63928002,.024055971,.092485547,2,86.920761,No,No,8,85.117783,No,No,0,0,3383.2703,-.019047439,.010020025,.25352541,.11109225,-.025487836,.014572948,.0069727316,.0352783203125,13.021917,7,1,0,0,.0725317,446807,9,0,.63636363,0,Chiapill S.A.,0,0,.26354542,16sep2023,0,.5826087,2,0,0,.089855075,.048818897,0,28,.057026476,17,La Pasión e Invitados,https://www.fallowremates.com/remates/10,2025-06-26 13:00:00,2025-06-26 23:00:00,.12884995,n-n-n,.39892435
2467,ESPIONAJE,SEÑOR CANDY (USA),ESPIRA,.0089907851,.42592987,.021108605,.047058824,8,94.454651,YES,YES,8,92.394379,Yes,No,0,0,1977.9728,-.12015575,-.12531514,.064218514,-.063740917,.074281901,-.02146036,.0069727316,.0324335845944006,16.030136,10,4,0,0,.14042509,446587,10,.041799586,.67808217,.061643835,La Manija,0,0,-.061096631,28oct2023,0,.51574802,2,0,0,.043307088,.021113243,0,8,.028776979,3,CARAMPANGUE,https://arg-sales.com/remates/view/355,12-07-2025,15-07-2025,.080167174,y-n-n,.42127526
34,ESTILO FRANCES,FORTIFY (USA),ELIZABETTA,.053572465,.72625375,.073765494,.13122173,4,112.79896,Yes,Yes,18,119.96263,YES,Yes,4,.050632913,11785.942,.15164489,.010020025,.39032814,-.063740917,.45999539,.049268574,.0069727316,.0255994370236294,12.052054,7,3,1,3,.35313997,443793,9,.021922439,.67310011,.03256936,Vacacion,0,0,.40034816,04sep2023,0,.55909091,2,0,1,.13181818,.076416336,.25,31,.074879229,4,VACACIÓN,https://arg-sales.com/remates/view/351,03-07-2025,06-07-2025,.14814,y-y-n,6.9745145
1851,EVEROSE,UNCLE CHUCK (USA),EDERA,.012278268,.49401182,.0248542,.045763995,0,60.851341,No,No,1,,No,No,0,,2701.219,.083815217,.17693698,-.044087578,-.040675689,-.064518794,.082127869,.0069727316,.0245610835190746,7.1342463,3,0,0,0,0,446559,10,.021922439,.67310011,.03256936,Vacacion,0,0,.13284941,11oct2023,0,0,1,0,0,0,0,0,0,0,36,VACACIÓN,https://arg-sales.com/remates/view/351,03-07-2025,06-07-2025,,n-n-n,
1095,FLUTE MAGIC,DANIEL BOONE (BRZ),FLAMEJANTE,.018736053,.63822818,.029356355,.049079753,6,103.30993,No,No,13,119.62704,Yes,No,0,0,4121.9316,.12057835,.046236463,-.035044897,-.063740917,-.016331654,-.011171062,.0069727316,.0410901127106627,14.728767,10,4,0,0,.12119324,441764,7,.030521372,.66343826,.046004843,Santa Maria De Araras,0,0,.011191566,20jul2023,0,.45962733,1,0,0,.043478262,.022292994,0,2,.0080645159,27,Juan Antonio y Santa Maria de Araras e Invitados,https://www.fallowremates.com/remates/5,2025-05-19 18:00:00,2025-05-19 23:00:00,.078308538,n-n-n,.98974478
3253,FONDUE,FORGE (GB),LEVURE,.0063965889,.51294297,.01247037,.034883723,6,88.114792,No,No,6,92.517715,No,No,0,0,1407.2495,-.021454811,.010020025,.019184353,.026776727,-.028351601,-.011171062,.0069727316,.0226512900990201,13.890411,10,1,0,0,.28989226,444346,9,.022222225,.33333334,.06666667,Solanet De Pavlovsky Gloria,0,0,.029204378,17sep2023,0,.53488374,1,0,0,.023255814,.011299435,0,3,.02,31,CARAMPANGUE,https://arg-sales.com/remates/view/355,12-07-2025,15-07-2025,.078369908,n-n-n,.43483838
563,FULL COLOUR,REMOTE (GB),FRAGANCIA PRIMAVERAL,.026602637,.69106317,.038495231,.096026488,0,44.527042,No,No,2,,No,No,0,,5852.5801,.22680753,.046236463,.24625187,-.040675689,-.064518794,.082127869,.0069727316,.0162049100035802,5.8027396,1,0,0,0,0,441884,7,.021922439,.67310011,.03256936,Vacacion,0,0,.29248834,25jul2023,0,.49169436,2,0,0,.093023255,.059447981,0,13,.057268724,16,VACACIÓN,https://arg-sales.com/remates/view/351,03-07-2025,06-07-2025,.092960596,n-n-n,
1245,GINGER AND BLUES,LE BLUES,GINGER IN THE RYE,.017066861,.62017602,.027519381,.06530612,2,104.44603,YES,YES,16,73.716263,No,No,0,0,3754.7092,.065482855,-.089098692,.10809137,.25781304,-.064518794,.014572948,.0069727316,.0390768191718962,10.191781,5,0,0,0,.19558011,446565,10,.021922439,.67310011,.03256936,Vacacion,0,0,.018992677,21oct2023,0,.52439022,2,0,0,.060975611,.035460994,0,7,.028455285,18,VACACIÓN,https://arg-sales.com/remates/view/351,03-07-2025,06-07-2025,.097902097,y-n-n,.68453038
2187,GINMINARI,ANGIOLO,SHAILENHA,.010408967,.63942957,.01627852,.059459459,0,105.56304,Yes,Yes,23,,No,No,0,,2289.9727,.096504927,.019550644,.077491328,.012113158,-.064518794,.033977166,-.041714434,.0243987781432224,6.8931508,1,0,0,0,0,442472,7,0,.63636363,0,Chiapill S.A.,0,0,.097041972,30jul2023,0,.62522525,2,0,0,.057657659,.041612484,0,10,.027548209,18,La Pasión e Invitados,https://www.fallowremates.com/remates/10,2025-06-26 13:00:00,2025-06-26 23:00:00,.067511939,y-n-n,
2711,GOOGLEADA,GERSHWIN (USA),GOING ON,.0080748973,.54895961,.014709456,.045763995,0,56.619865,No,No,2,,No,No,0,,1776.4774,.033914089,.17693698,-.054971717,-.040675689,-.064518794,.030342974,.0069727316,.037758113394375,6.871233,3,0,0,0,0,443125,8,,,,Reale Nicolas Y Reale Agustin Sociedad De Hecho,0,0,.12196527,25aug2023,0,0,1,0,0,0,0,0,0,0,23,La Pasión e Invitados,https://www.fallowremates.com/remates/10,2025-06-26 13:00:00,2025-06-26 23:00:00,,n-n-n,
3281,GRAN CANDY,SEÑOR CANDY (USA),GRAND DINER,.0063068019,.56740791,.011115111,.047058824,1,92.517715,No,No,7,94.133522,YES,No,1,.25,1387.4965,-.096082389,-.12531514,.064218514,.13277338,-.064518794,.030342974,.0069727316,.0404145766005968,8.934247,3,0,0,0,.33525437,448421,10,.022222225,.33333334,.06666667,Solanet De Pavlovsky Gloria,0,0,-.061096631,18oct2023,0,.51574802,2,0,0,.043307088,.021611001,0,8,.028776979,12,CARAMPANGUE,https://arg-sales.com/remates/view/355,12-07-2025,15-07-2025,.080167174,n-n-n,1.3410175
1443,GROSELLA,SEAHENGE (USA),GLOSSY LIPS,.015328737,.6584323,.023280658,.024,1,,No,No,0,,No,No,0,0,3372.322,.18647638,.046236463,-.0011197344,-.040675689,-.064518794,.063006982,.0069727316,.0252930161350378,7.0849314,4,0,0,0,.37843832,442724,8,.021922439,.67310011,.03256936,Vacacion,0,0,.04511673,16aug2023,0,.62698412,1,0,0,.015873017,.0084033618,0,3,.013636364,41,VACACIÓN,https://arg-sales.com/remates/view/351,03-07-2025,06-07-2025,.058449809,n-n-n,1.8921916
1033,HANNIA,SEEK AGAIN (USA),HEDA,.019522255,.5061866,.038567308,.023255814,4,100.81303,YES,No,13,105.46788,YES,Yes,3,.096774191,4294.896,.06761682,.010020025,-.055399448,.052719962,.10943216,-.014446003,.0069727316,.0209878742962246,11.805479,8,2,0,0,.18194884,442400,8,.041799586,.67808217,.061643835,La Manija,0,0,-.045379423,11aug2023,0,.33918127,1,0,0,.01754386,.010380623,0,1,.0061728396,28,CARAMPANGUE,https://arg-sales.com/remates/view/355,12-07-2025,15-07-2025,.05268649,y-n-n,1.4101034
461,HAPPY FAMILY,FORTIFY (USA),HEAVENLY STAR,.028651707,.66064388,.043369368,.13122173,2,94.242058,No,No,5,114.7925,No,No,0,0,6303.3755,.065482855,.010020025,.39032814,.021981623,-.021982875,.082127869,.046897903,.0259520889812848,11.216438,6,1,0,0,.35678157,446563,10,.021922439,.67310011,.03256936,Vacacion,0,0,.40034816,21oct2023,0,.55909091,1,0,0,.13181818,.072590739,0,31,.074879229,8,VACACIÓN,https://arg-sales.com/remates/view/351,03-07-2025,06-07-2025,.14814,n-n-n,2.4974711
1579,HOLA TEACHER,IL MERCATO,HUMORISTA (USA),.014241283,.62868518,.022652486,.018181818,7,116.70213,No,No,11,112.85701,YES,Yes,2,.030303031,3133.0823,.080148757,-.089098692,-.066953599,-.063740917,.29049176,-.00911377,.046897903,.0285127224469761,15.495891,10,4,0,0,.26971275,445595,10,.024760496,.71153843,.034798536,La Pasion,0,0,-.15605229,13oct2023,0,.57407409,2,0,0,0,0,0,1,.0080645159,5,La Pasión e Invitados,https://www.fallowremates.com/remates/10,2025-06-26 13:00:00,2025-06-26 23:00:00,.059800666,n-n-n,2.5430059
467,HOLD ME TIGHT,FORTIFY (USA),HAPPY EYES,.028413108,.66338617,.042830419,.13122173,1,,No,No,0,,No,No,0,0,6250.8838,.19197607,.010020025,.39032814,-.040675689,-.064518794,.082127869,.0069727316,.0371309763468162,6.8520546,3,0,0,0,.22625886,442668,8,.021922439,.67310011,.03256936,Vacacion,0,0,.40034816,13aug2023,0,.55909091,1,0,0,.13181818,.078697421,0,31,.074879229,2,VACACIÓN,https://arg-sales.com/remates/view/351,03-07-2025,06-07-2025,.14814,n-n-n,.45251772
224,ICARIO,FORTIFY (USA),IMPOSITIVA RATE,.0375311,.69073933,.054334681,.13122173,0,92.147781,YES,YES,11,,No,No,0,,8256.8418,.16997725,.010020025,.39032814,.16813199,-.064518794,.070061065,.0069727316,.038033005914258,6.9452057,1,0,0,0,0,443518,8,.021922439,.67310011,.03256936,Vacacion,0,0,.40034816,25aug2023,0,.55909091,2,0,0,.13181818,.077540107,0,31,.074879229,3,VACACIÓN,https://arg-sales.com/remates/view/351,03-07-2025,06-07-2025,.14814,y-n-n,
512,IDEA UNICA,UNCLE CHUCK (USA),INCA ROMANA,.027504755,.69721985,.039449185,.045763995,1,95.34481,No,No,14,76.230034,No,No,0,0,6051.0459,.23964018,.17693698,-.044087578,.046048846,-.01911911,.082127869,.0069727316,.0270275171860703,8.8465757,4,1,0,0,.078853421,441777,7,.021922439,.67310011,.03256936,Vacacion,0,0,.13284941,18jul2023,0,0,1,0,0,0,0,0,0,0,25,VACACIÓN,https://arg-sales.com/remates/view/351,03-07-2025,06-07-2025,,n-n-n,1.3405082
1101,IGOR,TREASURE BEACH (GB),INDIAN STRIPES,.018674573,.63093305,.029598342,.041189931,2,100.23602,YES,No,13,37.063564,No,No,0,0,4108.4063,-.033491492,.010020025,-.0010436008,.19360353,-.064518794,.033990853,-.041714434,.0252178159844334,8.9589043,4,0,0,0,.021832976,445040,9,.046257894,.7330097,.063106798,Carampangue,0,0,.0089764241,22sep2023,0,.52402747,2,0,0,.038901601,.023578363,0,3,.0099337753,10,CARAMPANGUE,https://arg-sales.com/remates/view/355,12-07-2025,15-07-2025,.066847712,y-n-n,.043665953
1081,ILLEGALLY BLACK,GOUVERNEUR MORRIS (USA),ILLEGALLY BLONDE,.018922523,.73801094,.025639895,.045763995,6,119.672,YES,YES,14,95.635818,No,No,0,0,4162.9551,.19014284,.010020025,.023248706,-.063740917,.067184731,.018667873,.0069727316,.0440478271957545,14.786302,10,4,0,0,.099285476,442728,8,.024760496,.71153843,.034798536,La Pasion,0,0,.033268731,14aug2023,0,1,1,0,1,.0625,.0090090092,0,2,.024691358,10,La Pasión e Invitados,https://www.fallowremates.com/remates/10,2025-06-26 13:00:00,2025-06-26 23:00:00,.24324325,y-y-n,.7280935
1176,IMPERIALISTIC,CITYSCAPE (GB),ILUSSIONARY,.017798867,.63659608,.027959436,.08510638,2,64.51049,No,No,3,77.081802,No,No,0,0,3915.7507,.039817572,.1548858,.080878586,.01153874,-.064518794,.081337824,.0069727316,.0287871433538385,9.2520552,5,0,0,0,.15294664,447208,11,.021922439,.67310011,.03256936,Vacacion,0,0,.23576438,04nov2023,0,.44444445,2,0,0,.081196584,.040169135,0,3,.020979021,15,VACACIÓN,https://arg-sales.com/remates/view/351,03-07-2025,06-07-2025,.097040609,n-n-n,.38236657
1092,INTERFULL,FULL MAST (USA),INTERVISTA,.018770818,.68208569,.027519735,.068062827,1,,No,No,0,90.719261,No,No,0,0,4129.5801,.030651391,.082452916,.20305364,-.040675689,-.064518794,.082127869,.0069727316,.0260393619537354,8.2712326,4,0,0,0,.095435776,447210,11,.021922439,.67310011,.03256936,Vacacion,0,0,.28550655,09nov2023,0,.49738219,2,0,0,.062827222,.037267081,0,11,.05472637,24,VACACIÓN,https://arg-sales.com/remates/view/351,03-07-2025,06-07-2025,.086890243,n-n-n,.47717887
1963,KARMA KISS,DANIEL BOONE (BRZ),KISS LAURIE,.01159031,.56829834,.020394763,.049079753,2,,No,No,0,45.101219,No,No,0,0,2549.8682,-.10089707,.046236463,-.035044897,-.040675689,-.064518794,.030342974,.0069727316,.0338935969266458,9.2054796,6,0,0,0,0,447388,10,.030521372,.66343826,.046004843,Santa Maria De Araras,0,0,.011191566,20oct2023,0,.45962733,1,0,0,.043478262,.018817205,0,2,.0080645159,29,Juan Antonio y Santa Maria de Araras e Invitados,https://www.fallowremates.com/remates/5,2025-05-19 18:00:00,2025-05-19 23:00:00,.078308538,n-n-n,0
1078,KEEP SMILING,SEAHENGE (USA),KEEP MOVING,.01897165,.73977238,.025645252,.024,0,107.94723,No,No,12,,No,No,0,,4173.7632,.15714461,.046236463,-.0011197344,.026776727,-.064518794,.081469499,.0069727316,.0186671145274886,7.1369863,1,0,0,0,0,445257,9,.021922439,.67310011,.03256936,Vacacion,0,0,.04511673,01sep2023,0,.62698412,2,0,0,.015873017,.0080000004,0,3,.013636364,42,VACACIÓN,https://arg-sales.com/remates/view/351,03-07-2025,06-07-2025,.058449809,n-n-n,
1912,KETAI,IMPERADOR,KEISHA,.011866311,.56780642,.020898513,,5,,No,No,0,95.00145,No,No,0,0,2610.5884,.14247873,-.041797489,-.054164253,-.063740917,.065392211,.037018329,.0069727316,.0176014871540247,9.8986301,7,4,0,0,.087875254,443799,9,.021922439,.67310011,.03256936,Vacacion,0,0,-.095961742,09sep2023,0,0,1,0,0,0,0,0,0,0,48,VACACIÓN,https://arg-sales.com/remates/view/351,03-07-2025,06-07-2025,,n-n-n,.89632761
2280,KISS ME,SEÑOR CANDY (USA),JOY KIMONA,.009885083,.45260569,.021840386,.047058824,0,96.507927,No,No,20,,No,No,0,,2174.7183,-.072008967,-.12531514,.064218514,.020031486,-.064518794,.090682253,.0069727316,.0276835792974452,7.9643836,2,0,0,0,0,446598,10,.046257894,.7330097,.063106798,Carampangue,0,0,-.061096631,08oct2023,0,.51574802,1,0,0,.043307088,.021956088,0,8,.028776979,18,CARAMPANGUE,https://arg-sales.com/remates/view/355,12-07-2025,15-07-2025,.080167174,n-n-n,
2192,LAGUNA ESMERALDA,IMPERADOR,LAGUNA LA BRAVA,.010383381,.41524777,.025005266,,0,,No,No,0,,No,No,0,,2284.3438,.14465177,-.041797489,-.054164253,-.040675689,-.064518794,.049208194,.0069727316,.0384447281212488,5.7150683,1,0,0,0,0,442402,7,.046257894,.7330097,.063106798,Carampangue,0,0,-.095961742,10jul2023,0,0,1,0,0,0,0,0,0,0,27,CARAMPANGUE,https://arg-sales.com/remates/view/355,12-07-2025,15-07-2025,,n-n-n,
1080,LAGUNA LA PICASA,SEÑOR CANDY (USA),LAGUNA DEL SOL,.018926289,.56954372,.033230618,.047058824,2,96.619881,No,No,21,59.043354,Yes,Yes,0,0,4163.7837,.033914089,-.12531514,.064218514,.017140672,.12057556,.049208194,.0069727316,.0328225019475212,10.956164,5,1,0,1,.31017047,443404,8,.046257894,.7330097,.063106798,Carampangue,0,0,-.061096631,25aug2023,0,.51574802,1,0,0,.043307088,.023861172,0,8,.028776979,6,CARAMPANGUE,https://arg-sales.com/remates/view/355,12-07-2025,15-07-2025,.080167174,n-n-n,1.7059375
2564,LATIDOS,GOUVERNEUR MORRIS (USA),LIVE EMOTION,.0086097429,.66120744,.013021244,.045763995,1,103.58243,No,No,7,57.944019,No,No,0,0,1894.1434,-.079230964,.010020025,.023248706,.074957028,-.064518794,.070061065,.0069727316,.0215937053217203,7.1999998,3,0,0,0,.01301833,445473,10,,,,Reale Nicolas Y Reale Agustin Sociedad De Hecho,0,0,.033268731,11oct2023,0,1,2,0,0,.0625,.0057803467,0,2,.024691358,22,La Pasión e Invitados,https://www.fallowremates.com/remates/10,2025-06-26 13:00:00,2025-06-26 23:00:00,.24324325,n-n-n,.10414664
666,LATIN STYLE,UNCLE CHUCK (USA),L'PARISIENNE,.024905175,.61224192,.04067865,.045763995,2,114.33455,No,No,8,,No,No,0,0,5479.1387,.19014284,.17693698,-.044087578,.16168156,-.064518794,.082127869,.0069727316,.0360347447094682,12.035617,7,0,0,0,.20551601,442671,8,.021922439,.67310011,.03256936,Vacacion,0,0,.13284941,14aug2023,0,0,2,0,0,0,0,0,0,0,27,VACACIÓN,https://arg-sales.com/remates/view/351,03-07-2025,06-07-2025,,n-n-n,.20551601
1552,LINDA MENINA,DANIEL BOONE (BRZ),LA VARENDETTA,.014477342,.58769923,.024633931,.049079753,3,103.61779,No,No,5,95.272202,No,No,0,0,3185.0154,-.11052644,.046236463,-.035044897,.053310286,-.023066558,.011274002,.0069727316,.0278037107345881,11.030137,6,1,0,0,.1395085,447390,10,.030521372,.66343826,.046004843,Santa Maria De Araras,0,0,.011191566,24oct2023,0,.45962733,1,0,0,.043478262,.018766755,0,2,.0080645159,25,Juan Antonio y Santa Maria de Araras e Invitados,https://www.fallowremates.com/remates/5,2025-05-19 18:00:00,2025-05-19 23:00:00,.078308538,n-n-n,.60453683
1551,LINGUADO,COSMIC TRIGGER,LE CHAT ASSASSIN,.014477997,.6447317,.022455849,.074509807,3,85.831406,Yes,No,6,70.077133,No,No,0,0,3185.1594,.070982575,-.12531514,.12357467,.094229147,-.064518794,.04041516,.046897903,.0523552205995657,9.2630138,5,0,0,0,.06047735,445597,10,.024760496,.71153843,.034798536,La Pasion,0,0,-.001740478,18oct2023,0,.45882353,2,0,0,.070588239,.033271719,0,11,.032258064,9,La Pasión e Invitados,https://www.fallowremates.com/remates/10,2025-06-26 13:00:00,2025-06-26 23:00:00,.10509108,y-n-n,.26206851
1678,LO DE HANSEN,EQUAL TALENT,FOREVER IN MY HEART,.013399447,.68150789,.019661471,.016528925,0,72.360374,No,No,6,,No,No,0,,2947.8784,.21580812,-.12531514,-.057231575,-.040675689,-.064518794,.082127869,.0069727316,.0197850298227422,5.758904,1,0,0,0,0,442191,7,.011058263,.6413793,.017241379,Don Arcangel,0,0,-.18254672,31jul2023,0,.33884299,2,0,0,.0082644625,.0033670033,0,1,.0040322579,21,La Pasión e Invitados,https://www.fallowremates.com/remates/10,2025-06-26 13:00:00,2025-06-26 23:00:00,.060046189,n-n-n,
1300,LOVELY SEA,SEAHENGE (USA),LA MALCRIADA,.016664214,.64113522,.025991732,.024,12,111.47647,YES,YES,18,102.38932,No,No,0,0,3666.1272,.21947461,.046236463,-.0011197344,-.063740917,.048572548,.0031638741,.0069727316,.0334543736753403,20.923288,10,7,0,0,.17705473,441838,7,.021922439,.67310011,.03256936,Vacacion,0,0,.04511673,29jul2023,0,.62698412,1,0,0,.015873017,.0087719299,0,3,.013636364,40,VACACIÓN,https://arg-sales.com/remates/view/351,03-07-2025,06-07-2025,.058449809,y-n-n,.75248265
1255,LUCA IL BAILARINO,IL MERCATO,LINDA LIDER,.016965479,.63844746,.026573021,.018181818,4,108.66185,No,No,18,111.87087,YES,Yes,1,.0625,3732.4053,.11864668,-.089098692,-.066953599,.094229147,.17954342,.037676699,.0069727316,.0262745093559715,11.975343,6,2,0,0,.35500604,444995,9,.024760496,.71153843,.034798536,La Pasion,0,0,-.15605229,22sep2023,0,.57407409,2,0,0,0,0,0,1,.0080645159,6,La Pasión e Invitados,https://www.fallowremates.com/remates/10,2025-06-26 13:00:00,2025-06-26 23:00:00,.059800666,n-n-n,1.4200242
3487,MADAME CLICQUOT,GOUVERNEUR MORRIS (USA),EQUIGIRL,.0057883221,.71955281,.0080443323,.045763995,0,88.701843,No,No,10,,No,No,0,,1273.4309,-.062379599,.010020025,.023248706,-.040675689,-.064518794,-.010477796,-.041714434,.0494044460574514,7.0602741,2,0,0,0,0,446100,10,.023596939,.66071427,.035714287,La Nora,0,0,.033268731,04oct2023,0,1,1,0,0,.0625,.0059171598,0,2,.024691358,29,La Pasión e Invitados,https://www.fallowremates.com/remates/10,2025-06-26 13:00:00,2025-06-26 23:00:00,.24324325,n-n-n,
519,MAGIC SPIN,FULL MAST (USA),FULL SPEED (USA),.027348783,.74251211,.036832776,.068062827,9,,No,No,0,128.0309,YES,YES,3,.01764706,6016.7324,-.093675017,.082452916,.20305364,.13006841,.28732973,-.041264102,.046897903,.0262853871099651,19.616438,10,8,0,1,.19440171,446392,10,.01502678,.71126759,.02112676,Chenaut,0,0,.28550655,17oct2023,2,.49738219,1,0,0,.062827222,.038585208,0,11,.05472637,16,La Pasión e Invitados,https://www.fallowremates.com/remates/10,2025-06-26 13:00:00,2025-06-26 23:00:00,.086890243,n-n-n,3.6720321
1747,MALACARA,GOUVERNEUR MORRIS (USA),LA MONTALVAN,.012923914,.78607893,.016440988,.045763995,5,91.291458,No,No,7,110.16557,Yes,Yes,0,0,2843.261,.11094898,.010020025,.023248706,-.063740917,.064921901,-.022574866,.0069727316,.0393475790478988,13.956164,9,4,0,0,.1417509,441607,7,.023596939,.66071427,.035714287,La Nora,0,0,.033268731,24jul2023,0,1,1,0,0,.0625,.010526316,0,2,.024691358,30,La Pasión e Invitados,https://www.fallowremates.com/remates/10,2025-06-26 13:00:00,2025-06-26 23:00:00,.24324325,n-n-n,1.5025595
868,MALIBU FORCE,FORGE (GB),MALIBUWED (USA),.021486593,.57940942,.037083611,.034883723,8,,No,No,0,110.51012,No,No,0,0,4727.0508,-.028676808,.010020025,.019184353,.13006841,.015224069,-.041264102,.046897903,.036368481181853,17.468493,10,6,0,0,.14966175,445047,9,.041799586,.67808217,.061643835,La Manija,0,0,.029204378,20sep2023,0,.53488374,1,0,0,.023255814,.011173184,0,3,.02,16,CARAMPANGUE,https://arg-sales.com/remates/view/355,12-07-2025,15-07-2025,.078369908,n-n-n,.97280139
452,MALINCHERA,DANIEL BOONE (BRZ),MALIBU HONEY,.028907962,.71912915,.040198568,.049079753,2,95.941757,YES,YES,8,100.34478,No,No,0,0,6359.7515,.1518738,.046236463,-.035044897,.0099136233,.038887836,.029552929,.0069727316,.0236799446392979,8.8986301,5,2,0,0,.15800148,441759,7,.030521372,.66343826,.046004843,Santa Maria De Araras,0,0,.011191566,07jul2023,0,.45962733,1,0,0,.043478262,.022727273,0,2,.0080645159,26,Juan Antonio y Santa Maria de Araras e Invitados,https://www.fallowremates.com/remates/5,2025-05-19 18:00:00,2025-05-19 23:00:00,.078308538,y-n-n,2.2910216
2907,MANISALE,MANIPULATOR (USA),MARIA FOR SALE,.0074275285,.57306957,.012960955,.039863326,7,104.82858,Yes,Yes,11,101.11982,No,No,0,0,1634.0563,.077246189,.010020025,-.0073920507,-.063740917,.066647202,-.020864302,-.041714434,.0386566732086067,15.79726,10,4,0,0,.15207383,442306,8,0,.68181819,0,Marletta Leandro Guido De La Cruz,0,0,.0026279744,07aug2023,0,.51083237,2,0,0,.03876853,.027048528,0,4,.012820513,34,La Pasión e Invitados,https://www.fallowremates.com/remates/10,2025-06-26 13:00:00,2025-06-26 23:00:00,.046248991,y-n-n,.99934232
2130,MISSING YOU,SEÑOR CANDY (USA),MISS OUT,.010675871,.42755461,.024969608,.047058824,0,102.73827,No,No,14,,No,No,0,,2348.6917,-.026269436,-.12531514,.064218514,.074957028,-.064518794,-.022212053,.0069727316,.016674595157383,7.1835618,1,0,0,0,0,445050,9,.041799586,.67808217,.061643835,La Manija,0,0,-.061096631,19sep2023,0,.51574802,1,0,0,.043307088,.02258727,0,8,.028776979,22,CARAMPANGUE,https://arg-sales.com/remates/view/355,12-07-2025,15-07-2025,.080167174,n-n-n,
1178,MONTESQUINO,CITYSCAPE (GB),MOZENDA,.017780855,.59788656,.029739512,.08510638,0,,No,No,0,,No,No,0,,3911.7881,.13881224,.1548858,.080878586,-.040675689,-.064518794,.066328675,.0069727316,.034889500956524,5.1753426,1,0,0,0,0,443802,9,.021922439,.67310011,.03256936,Vacacion,0,0,.23576438,11sep2023,0,.44444445,2,0,0,.081196584,.04357798,0,3,.020979021,12,VACACIÓN,https://arg-sales.com/remates/view/351,03-07-2025,06-07-2025,.097040609,n-n-n,
1804,MOON WALK,SEÑOR CANDY (USA),MOON BASE,.012600105,.40096933,.031424113,.047058824,5,22.839354,No,No,1,100.36504,No,No,0,0,2772.0232,.06761682,-.12531514,.064218514,-.040675689,.044408888,.025695063,.0069727316,.023635248944629,11.747945,8,2,0,0,.13386895,442398,8,.041799586,.67808217,.061643835,La Manija,0,0,-.061096631,11aug2023,0,.51574802,1,0,0,.043307088,.024498885,0,8,.028776979,19,CARAMPANGUE,https://arg-sales.com/remates/view/355,12-07-2025,15-07-2025,.080167174,n-n-n,1.3922369
844,NATURAL LEADER,CITYSCAPE (GB),NASHVILLE FEMME,.02186249,.73458695,.029761611,.08510638,1,86.989014,No,No,9,65.415367,No,No,0,0,4809.748,.14247873,.1548858,.080878586,.0042925887,-.01911911,-.027583871,.0069727316,.0323783790227026,7.9561644,3,1,0,0,.059073549,443798,9,.021922439,.67310011,.03256936,Vacacion,0,0,.23576438,09sep2023,0,.44444445,2,0,0,.081196584,.043778803,0,3,.020979021,10,VACACIÓN,https://arg-sales.com/remates/view/351,03-07-2025,06-07-2025,.097040609,n-n-n,1.0042503
2295,NAVEGANTE,SEÑOR CANDY (USA),NIGHT FRAME,.0098128188,.54759884,.017919721,.047058824,0,78.362297,No,No,4,,No,No,0,,2158.8201,-.043120861,-.12531514,.064218514,-.040675689,-.064518794,.013782907,.0069727316,.0447472449359338,5.1452055,1,0,0,0,0,446595,9,.046257894,.7330097,.063106798,Carampangue,0,0,-.061096631,26sep2023,0,.51574802,2,0,0,.043307088,.022267206,0,8,.028776979,9,CARAMPANGUE,https://arg-sales.com/remates/view/355,12-07-2025,15-07-2025,.080167174,n-n-n,
791,NICE PRICE,FORTIFY (USA),NESSI,.022681031,.66297269,.03421111,.13122173,0,105.58392,YES,No,15,,No,No,0,,4989.8267,.069149315,.010020025,.39032814,.04026721,-.064518794,.032573849,-.041714434,.0178597834456014,7.0246577,1,0,0,0,0,446695,10,.021922439,.67310011,.03256936,Vacacion,0,0,.40034816,19oct2023,0,.55909091,2,0,0,.13181818,.072955973,0,31,.074879229,7,VACACIÓN,https://arg-sales.com/remates/view/351,03-07-2025,06-07-2025,.14814,y-n-n,
1738,NO WAY OUT,MANIPULATOR (USA),IRISH DREAM (USA),.01298823,.77781463,.016698362,.039863326,5,89.583466,No,No,13,115.18648,YES,Yes,3,.017857144,2857.4106,-.026269436,.010020025,-.0073920507,-.063740917,.23218922,-.041264102,.046897903,.021277131367242,15.369863,10,5,0,3,.22618636,444849,9,.01502678,.71126759,.02112676,Chenaut,0,0,.0026279744,19sep2023,1,.51083237,2,0,0,.03876853,.02643857,0,4,.012820513,14,La Pasión e Invitados,https://www.fallowremates.com/remates/10,2025-06-26 13:00:00,2025-06-26 23:00:00,.046248991,n-n-n,7.5998616
428,NOCHERO CONTENTO,HI HAPPY,NOCHE TAPADA,.029814702,.60583496,.049212579,.063492067,0,47.782532,No,No,4,,No,No,0,,6559.2344,.062802196,.26353514,.11592568,-.040675689,-.064518794,.049998239,.046897903,.0508511321195328,4.8465753,1,0,0,0,0,442404,8,.046257894,.7330097,.063106798,Carampangue,0,0,.37946081,13aug2023,0,.55118108,2,0,0,.05511811,.025179856,0,8,.030769231,13,CARAMPANGUE,https://arg-sales.com/remates/view/355,12-07-2025,15-07-2025,.13135593,n-n-n,
2264,OCEAN WHITE,SEÑOR CANDY (USA),MALI PRIZE,.0099998694,.61310202,.016310286,.047058824,1,73.690544,No,No,7,65.822807,No,No,0,0,2199.9712,.13261506,-.12531514,.064218514,.017140672,-.031856563,.030342974,.046897903,.0384651310705522,9.90137,4,1,0,0,.0035714286,442393,7,0,1,0,Sacur Alejandro O,0,0,-.061096631,15jul2023,0,.51574802,1,0,0,.043307088,.025404157,0,8,.028776979,24,CARAMPANGUE,https://arg-sales.com/remates/view/355,12-07-2025,15-07-2025,.080167174,n-n-n,.025
1888,ORGULLO,GOUVERNEUR MORRIS (USA),DINASTIA O,.012004876,.79646778,.015072645,.045763995,0,87.606133,No,No,14,,No,No,0,,2641.0725,.043543458,.010020025,.023248706,.046048846,-.064518794,.049998239,.0069727316,.0399229450995335,6.0383563,1,0,0,0,0,442586,8,.023596939,.66071427,.035714287,La Nora,0,0,.033268731,21aug2023,0,1,2,0,0,.0625,.0083333338,0,2,.024691358,27,La Pasión e Invitados,https://www.fallowremates.com/remates/10,2025-06-26 13:00:00,2025-06-26 23:00:00,.24324325,n-n-n,
389,PALAMOS,FORGE (GB),PUERTO AZUL (USA),.030768709,.67935956,.045290757,.034883723,11,,No,No,0,111.39339,YES,YES,4,.033333335,6769.1162,-.088860333,.010020025,.019184353,.13006841,.30225474,-.041264102,-.041714434,.0269703775811649,18.526028,10,9,0,1,.24206726,446583,10,.041799586,.67808217,.061643835,La Manija,0,0,.029204378,15oct2023,1,.53488374,2,0,0,.023255814,.0099999998,0,3,.02,20,CARAMPANGUE,https://arg-sales.com/remates/view/355,12-07-2025,15-07-2025,.078369908,n-n-n,2.6407337
887,PARK CITY,CITYSCAPE (GB),POR SORPRESA,.021194914,.6382798,.033206306,.08510638,6,99.48658,YES,No,13,105.49814,Yes,Yes,0,0,4662.8813,.085648417,.1548858,.080878586,-.063740917,.14369665,.0061557963,.0069727316,.0281589195510605,14.093151,10,4,0,0,.192458,445625,10,.021922439,.67310011,.03256936,Vacacion,0,0,.23576438,10oct2023,0,.44444445,2,0,0,.081196584,.041666668,0,3,.020979021,14,VACACIÓN,https://arg-sales.com/remates/view/351,03-07-2025,06-07-2025,.097040609,y-n-n,2.2453434
1319,PASOS AL COSTADO,NICHOLAS,PINJA,.016500151,.55974734,.029477855,0,0,79.156334,No,No,9,61.229652,No,No,0,0,3630.0332,.11335632,.061415233,-.064880192,.0042925887,-.064518794,.030342974,.0069727316,.0665418315657007,7.7726026,3,0,0,0,.011120616,443384,7,.046257894,.7330097,.063106798,Carampangue,0,0,-.0034649596,23jul2023,0,1,2,0,0,0,0,0,0,0,33,CARAMPANGUE,https://arg-sales.com/remates/view/355,12-07-2025,15-07-2025,.028571429,n-n-n,
845,PIANTINI,DADDY LONG LEGS (USA),ICARIA,.021838088,.67246497,.032474685,.079268292,0,115.32304,Yes,Yes,15,,No,No,0,,4804.3794,.15428114,.010020025,.16604917,.16796574,-.064518794,.082127869,.0069727316,.0207794149464462,5.9561644,1,0,0,0,0,441706,7,.041551247,.78947371,.052631579,Nycsi,0,0,.1760692,06jul2023,0,.67272729,2,0,1,.07272727,.040268455,0,13,.043624163,32,La Pasión e Invitados,https://www.fallowremates.com/remates/10,2025-06-26 13:00:00,2025-06-26 23:00:00,.12260536,y-y-n,
1383,PLAGE D'ANTIBES,NICHOLAS,PLAYA DE NIZA,.015820393,.41793603,.037853625,0,0,103.00112,No,No,16,,No,No,0,,3480.4866,.094097614,.061415233,-.064880192,.035208281,-.064518794,.049998239,.046897903,.0368484780046856,5.7452054,1,0,0,0,0,443385,7,.041799586,.67808217,.061643835,La Manija,0,0,-.0034649596,31jul2023,0,1,1,0,0,0,0,0,0,0,29,CARAMPANGUE,https://arg-sales.com/remates/view/355,12-07-2025,15-07-2025,.028571429,n-n-n,
1476,QUEENSY,SEAHENGE (USA),QUEEN OF WAR,.015012162,.57525486,.026096541,.024,0,,No,No,0,,No,No,0,,3302.6755,.25613931,.046236463,-.0011197344,-.040675689,-.064518794,.058432922,.0069727316,.0453087040914397,4.8410959,1,0,0,0,0,441600,7,.021922439,.67310011,.03256936,Vacacion,0,0,.04511673,09jul2023,0,.62698412,1,0,0,.015873017,.0090497741,0,3,.013636364,38,VACACIÓN,https://arg-sales.com/remates/view/351,03-07-2025,06-07-2025,.058449809,n-n-n,
508,QUICK BOONE,DANIEL BOONE (BRZ),QUICK EAGLE,.027693089,.67009598,.041327048,.049079753,2,102.80234,No,No,8,95.394829,No,No,0,0,6092.4795,.16150317,.046236463,-.035044897,.11109225,-.064518794,.00080458447,.046897903,.0287142645684071,10.783562,6,0,0,0,.26567376,441757,7,.030521372,.66343826,.046004843,Santa Maria De Araras,0,0,.011191566,03jul2023,0,.45962733,2,0,0,.043478262,.022875817,0,2,.0080645159,31,Juan Antonio y Santa Maria de Araras e Invitados,https://www.fallowremates.com/remates/5,2025-05-19 18:00:00,2025-05-19 23:00:00,.077348068,n-n-n,1.195532
1267,RABO DE JUNCO,GOUVERNEUR MORRIS (USA),RAIZGUANA,.016872149,.74553043,.022631068,.045763995,0,92.311867,YES,No,6,,No,No,0,,3711.8728,.10398078,.010020025,.023248706,.094229147,-.064518794,.006690938,.0069727316,.0311955919096363,4.9342465,1,0,0,0,0,445002,9,.024760496,.71153843,.034798536,La Pasion,0,0,.033268731,30sep2023,0,1,2,0,0,.0625,.0059880242,0,2,.024691358,2,La Pasión e Invitados,https://www.fallowremates.com/remates/10,2025-06-26 13:00:00,2025-06-26 23:00:00,.24324325,y-n-n,
653,RAIA ELECTRICA,GERSHWIN (USA),ROMANCERA,.025133008,.69211173,.036313511,.045763995,1,89.783325,YES,No,6,,No,No,0,,5529.2617,.11314696,.17693698,-.054971717,.22913398,-.064518794,.031708173,-.0017892607,.0285283914681713,9.1999998,3,0,0,0,0,444998,9,.024760496,.71153843,.034798536,La Pasion,0,0,.12196527,25sep2023,0,0,1,0,0,0,0,0,0,0,13,La Pasión e Invitados,https://www.fallowremates.com/remates/10,2025-06-26 13:00:00,2025-06-26 23:00:00,,y-n-n,0
2846,RAS ABU,IL MERCATO,RAVISHING LOVE,.0075959768,.65509278,.011595269,.018181818,6,92.57444,YES,Yes,10,104.58793,YES,No,2,.032258064,1671.1149,.058149934,-.089098692,-.066953599,-.063740917,-.019220091,-.027357994,.046897903,.0257973071929882,12.109589,8,4,0,0,.1834767,446418,10,.024760496,.71153843,.034798536,La Pasion,0,0,-.15605229,25oct2023,0,.57407409,2,0,0,0,0,0,1,.0080645159,7,La Pasión e Invitados,https://www.fallowremates.com/remates/10,2025-06-26 13:00:00,2025-06-26 23:00:00,.059800666,y-n-n,1.895926
685,RAYMAN,FULL MAST (USA),RIGOLETTA,.024463875,.73963344,.033075675,.068062827,1,89.820786,No,No,12,84.351517,No,No,0,0,5382.0527,.036151111,.082452916,.20305364,.026776727,-.064518794,.082127869,.046897903,.030049857654376,9.0767126,3,0,0,0,.21780157,447209,11,.021922439,.67310011,.03256936,Vacacion,0,0,.28550655,06nov2023,0,.49738219,2,0,0,.062827222,.037383176,0,11,.05472637,23,VACACIÓN,https://arg-sales.com/remates/view/351,03-07-2025,06-07-2025,.086890243,n-n-n,1.3068094
869,RIVIERA FRANCESA,FULL MAST (USA),REGINETA,.02146643,.64149326,.033463221,.068062827,3,90.134308,No,No,4,105.72205,No,No,0,0,4722.6147,.11498019,.082452916,.20305364,-.0015148669,-.039002929,.049268574,.0069727316,.0415870025171898,11.972603,7,2,0,0,.10648843,445617,9,.021922439,.67310011,.03256936,Vacacion,0,0,.28550655,24sep2023,0,.49738219,1,0,0,.062827222,.039867111,0,11,.05472637,21,VACACIÓN,https://arg-sales.com/remates/view/351,03-07-2025,06-07-2025,.086890243,n-n-n,.85190743
1325,ROYAL SWAN,SEAHENGE (USA),ROYANITA,.016441902,.68837017,.023885261,.024,7,105.84624,Yes,Yes,10,96.304039,No,No,0,0,3617.2185,.10764727,.046236463,-.0011197344,-.063740917,.098039612,.018667873,.0069727316,.0286339135909657,16.046576,10,5,0,0,.11599691,445621,9,.021922439,.67310011,.03256936,Vacacion,0,0,.04511673,28sep2023,0,.62698412,1,0,0,.015873017,.0074074073,0,3,.013636364,43,VACACIÓN,https://arg-sales.com/remates/view/351,03-07-2025,06-07-2025,.058449809,y-n-n,1.0771142
1251,SABER DECIR,CITYSCAPE (GB),SKYMPY,.017013999,.57078075,.02980829,.08510638,6,115.74157,YES,YES,11,116.18159,No,No,0,0,3743.0798,.12231314,.1548858,.080878586,-.063740917,.072118446,-.028349977,.0069727316,.0188207343453541,16.008219,10,4,0,0,.19507772,444423,9,.021922439,.67310011,.03256936,Vacacion,0,0,.23576438,20sep2023,0,.44444445,1,0,1,.081196584,.042986427,0,3,.020979021,13,VACACIÓN,https://arg-sales.com/remates/view/351,03-07-2025,06-07-2025,.097040609,y-y-n,.94287562
456,SANGRE AZUL,UNCLE CHUCK (USA),STELLIFY,.028752044,.5854153,.049113926,.045763995,14,,No,No,0,107.44591,YES,YES,16,.13333334,6325.4497,.1259796,.17693698,-.044087578,-.063740917,.4217099,.018228963,.0069727316,.0278335610150862,23.002739,10,11,1,5,.38854691,444418,9,.021922439,.67310011,.03256936,Vacacion,0,0,.13284941,18sep2023,3,0,1,0,0,0,0,.071428575,0,0,33,VACACIÓN,https://arg-sales.com/remates/view/351,03-07-2025,06-07-2025,,n-n-n,3.3304019
1309,SANGRIA,DANIEL BOONE (BRZ),SAVAGE NIGHTS,.016595222,.59243345,.028011961,.049079753,4,96.65477,No,No,10,91.640144,No,No,0,0,3650.9487,-.043120861,.046236463,-.035044897,.04026721,-.018269867,.025695063,.0069727316,.0229349239525618,10.980822,7,1,0,0,.059513204,445894,9,.030521372,.66343826,.046004843,Santa Maria De Araras,0,0,.011191566,26sep2023,0,.45962733,1,0,0,.043478262,.020114943,0,2,.0080645159,28,Juan Antonio y Santa Maria de Araras e Invitados,https://www.fallowremates.com/remates/5,2025-05-19 18:00:00,2025-05-19 23:00:00,.078308538,n-n-n,.26780942
2588,SARKANY,SUGGESTIVE BOY,SARDULA,.0084967129,.43257439,.0196422,.062827222,0,71.653008,No,No,2,,No,No,0,,1869.2769,-.12737781,.019550644,.08994329,-.040675689,-.064518794,-.023129843,.0069727316,.0350993049505632,6.1890411,1,0,0,0,0,446608,10,.046257894,.7330097,.063106798,Carampangue,0,0,.10949393,31oct2023,0,.44736841,2,0,0,.057894737,.031700287,0,5,.027173912,30,CARAMPANGUE,https://arg-sales.com/remates/view/355,12-07-2025,15-07-2025,.09436997,n-n-n,
387,SCAT DAME,SEAHENGE (USA),BEST DAME,.030804526,.71576601,.043037146,.024,1,,No,No,0,100.40888,No,No,0,0,6776.9956,.057987511,.046236463,-.0011197344,-.040675689,.13832282,.0092767514,.0069727316,.0252911043644417,7.871233,5,1,0,0,.35325137,441932,8,.028487947,.7027027,.040540539,Rodeo Chico,0,0,.04511673,15aug2023,0,.62698412,1,0,0,.015873017,.0084388182,0,3,.013636364,44,VACACIÓN,https://arg-sales.com/remates/view/351,03-07-2025,06-07-2025,.058449809,n-n-n,8.4780331
1196,SEBITO,GOUVERNEUR MORRIS (USA),SABATICA SALE,.017540893,.74461979,.023556843,.045763995,0,86.059113,No,No,4,,No,No,0,,3858.9963,.23230726,.010020025,.023248706,-.040675689,-.064518794,.031313159,-.041714434,.044846658827737,7.9917808,3,0,0,0,0,441904,7,.024760496,.71153843,.034798536,La Pasion,0,0,.033268731,22jul2023,0,1,2,0,0,.0625,.010869565,0,2,.024691358,3,La Pasión e Invitados,https://www.fallowremates.com/remates/10,2025-06-26 13:00:00,2025-06-26 23:00:00,.24324325,n-n-n,
1425,SECRETA CHUCK,UNCLE CHUCK (USA),INDIA SECRETA,.015448647,.55416912,.027877133,.045763995,3,77.027634,No,No,11,56.749863,No,No,0,0,3398.7021,.18280989,.17693698,-.044087578,-.0038834624,-.042743973,-.0076805726,.0069727316,.0548597234374029,10.967123,5,1,0,0,.0094899172,442725,8,.021922439,.67310011,.03256936,Vacacion,0,0,.13284941,18aug2023,0,0,1,0,0,0,0,0,0,0,28,VACACIÓN,https://arg-sales.com/remates/view/351,03-07-2025,06-07-2025,,n-n-n,.0094899172
817,SECRETO ROMANO,UNCLE CHUCK (USA),SIERRA ROMANA,.022275442,.63221073,.035234205,.045763995,3,112.17007,YES,No,10,79.841675,No,No,0,0,4900.5972,.12047991,.17693698,-.044087578,.12121011,-.016697831,.049268574,.0069727316,.0335643833241193,12.134247,7,1,0,0,.09620703,444428,9,.021922439,.67310011,.03256936,Vacacion,0,0,.13284941,21sep2023,0,0,2,0,0,0,0,0,0,0,34,VACACIÓN,https://arg-sales.com/remates/view/351,03-07-2025,06-07-2025,,y-n-n,.64138019
1962,SEÑOR MIGUEL,SEÑOR CANDY (USA),ROMANA DE ARECO,.011594302,.60153741,.019274449,.047058824,0,114.34196,YES,No,15,,No,No,0,,2550.7463,.12539303,-.12531514,.064218514,.094229147,-.064518794,.082127869,.046897903,.0322567081529996,6.8602738,1,0,0,0,0,441737,7,,,,Haras San Lorenzo De Areco S.R.L. - Llavallol Esteban,0,0,-.061096631,18jul2023,0,.51574802,2,0,0,.043307088,.025345622,0,8,.028776979,4,CARAMPANGUE,https://arg-sales.com/remates/view/355,12-07-2025,15-07-2025,.080167174,y-n-n,
626,SIN ALIENTO,HI HAPPY,SIN ESCALAS,.02562049,.54246956,.047229361,.063492067,0,74.278374,No,No,3,,No,No,0,,5636.5078,.25247282,.26353514,.11592568,.01153874,-.064518794,.058073811,.0069727316,.0280015661119251,4.7917809,1,0,0,0,0,441602,7,.021922439,.67310011,.03256936,Vacacion,0,0,.37946081,11jul2023,0,.55118108,1,0,0,.05511811,.027027028,0,8,.030769231,9,VACACIÓN,https://arg-sales.com/remates/view/351,03-07-2025,06-07-2025,.13135593,n-n-n,
1881,SPINNING CANDY,SEÑOR CANDY (USA),SPINNING BIKE,.012032836,.56625575,.021249825,.047058824,5,102.93414,No,No,16,99.220406,No,No,0,0,2647.2239,-.098489702,-.12531514,.064218514,-.063740917,.07061255,.011274002,.046897903,.0484357385630574,11.989041,7,3,0,0,.13716461,446599,10,.046257894,.7330097,.063106798,Carampangue,0,0,-.061096631,19oct2023,0,.51574802,2,0,0,.043307088,.021526419,0,8,.028776979,14,CARAMPANGUE,https://arg-sales.com/remates/view/355,12-07-2025,15-07-2025,.080167174,n-n-n,.98758513
1827,SPINNING TOP,NICHOLAS,SPINNING LADY,.012434117,.45049703,.027600886,0,0,54.946785,No,No,2,,No,No,0,,2735.5059,.098912299,.061415233,-.064880192,-.040675689,-.064518794,.049998239,.0069727316,.0431476701851352,5.8246574,1,0,0,0,0,443383,7,.046257894,.7330097,.063106798,Carampangue,0,0,-.0034649596,29jul2023,0,1,2,0,0,0,0,0,0,0,34,CARAMPANGUE,https://arg-sales.com/remates/view/355,12-07-2025,15-07-2025,.028571429,n-n-n,
1074,STORM FINDER,SEÑOR CANDY (USA),STORMY (USA),.019004397,.54081303,.035140421,.047058824,7,,No,No,0,89.435287,No,No,0,0,4180.9673,-.12978512,-.12531514,.064218514,.15313363,.23951833,-.041264102,.046897903,.0327387594588799,19.449314,10,2,0,0,.13000342,446609,11,.046257894,.7330097,.063106798,Carampangue,0,0,-.061096631,01nov2023,0,.51574802,2,0,0,.043307088,.020872865,0,8,.028776979,25,CARAMPANGUE,https://arg-sales.com/remates/view/355,12-07-2025,15-07-2025,.080167174,n-n-n,.57572943
1533,STORM MORRIS,GOUVERNEUR MORRIS (USA),STORMY PURPOSEFUL,.014572237,.76752764,.018985944,.045763995,8,71.498917,No,No,2,98.775078,Yes,No,0,0,3205.8921,.13697901,.010020025,.023248706,-.063740917,-.021433823,-.0086039491,.0069727316,.0243835328146815,15.20274,10,5,0,0,.19476089,444167,9,.024760496,.71153843,.034798536,La Pasion,0,0,.033268731,12sep2023,0,1,2,0,0,.0625,.0067567569,0,2,.024691358,4,La Pasión e Invitados,https://www.fallowremates.com/remates/10,2025-06-26 13:00:00,2025-06-26 23:00:00,.24324325,n-n-n,.55993754
1457,SUNDERLAND,SEÑOR CANDY (USA),SOY BRITANICA,.015229374,.49476695,.030780904,.047058824,0,97.169678,YES,YES,13,,No,No,0,,3350.4624,-.0046033859,-.12531514,.064218514,.19360353,-.064518794,.049504466,.0069727316,.0409000871586613,7.8438358,2,0,0,0,0,445037,9,.046257894,.7330097,.063106798,Carampangue,0,0,-.061096631,10sep2023,0,.51574802,1,0,0,.043307088,.023206752,0,8,.028776979,15,CARAMPANGUE,https://arg-sales.com/remates/view/355,12-07-2025,15-07-2025,.080167174,y-n-n,
1848,SWINDON,SEEK AGAIN (USA),SOY ESCOCESA,.012294848,.51701474,.02378046,.023255814,0,59.437645,No,No,1,,No,No,0,,2704.8667,.060394824,.010020025,-.055399448,-.040675689,-.064518794,.049504466,.0069727316,.025527528639941,5.0027399,1,0,0,0,0,442406,8,.046257894,.7330097,.063106798,Carampangue,0,0,-.045379423,14aug2023,0,.33918127,1,0,0,.01754386,.010344828,0,1,.0061728396,17,CARAMPANGUE,https://arg-sales.com/remates/view/355,12-07-2025,15-07-2025,.05268649,n-n-n,
1262,TABEADA,DANIEL BOONE (BRZ),TANGA CARIOCA (USA),.016912838,.46975091,.036003843,.049079753,6,,No,No,0,3.3262174,No,No,0,0,3720.8245,.11094898,.046236463,-.035044897,.15313363,-.064518794,-.041264102,.0069727316,.0475866717733879,17.249315,10,0,0,0,0,441767,7,.030521372,.66343826,.046004843,Santa Maria De Araras,0,0,.011191566,24jul2023,0,.45962733,1,0,0,.043478262,.022012578,0,2,.0080645159,30,Juan Antonio y Santa Maria de Araras e Invitados,https://www.fallowremates.com/remates/5,2025-05-19 18:00:00,2025-05-19 23:00:00,.078308538,n-n-n,0
807,TAKE ONE,JAPAN (USA),TAKEN AWAY (BRZ),.022395249,.56455779,.039668657,.045763995,8,111.23055,YES,YES,12,113.35768,Yes,Yes,0,0,4926.9551,-.12015575,.010020025,.076192103,-.063740917,.32164192,-.018597657,.046897903,.0193486897551338,17.290411,10,6,0,1,.26711491,447391,10,.030521372,.66343826,.046004843,Santa Maria De Araras,0,0,.086212128,28oct2023,0,.375,2,0,1,0,0,0,1,.022222223,33,Juan Antonio y Santa Maria de Araras e Invitados,https://www.fallowremates.com/remates/5,2025-05-19 18:00:00,2025-05-19 23:00:00,.098214284,y-y-n,2.4374235
1232,TAREA SIMPLE,UNCLE CHUCK (USA),TAMARIU,.017157311,.50092345,.034251362,.045763995,13,106.33813,YES,YES,15,114.94573,YES,YES,6,.083333336,3774.6084,.12781283,.17693698,-.044087578,-.063740917,.26700193,-.026317712,-.041714434,.101820942945778,22.027397,10,6,0,0,.26776329,444417,9,.021922439,.67310011,.03256936,Vacacion,0,0,.13284941,17sep2023,1,0,1,1,1,0,0,0,0,0,32,VACACIÓN,https://arg-sales.com/remates/view/351,03-07-2025,06-07-2025,,y-y-y,1.4829966
2003,TARTA RUGA,IL MERCATO,TABASCA HOT,.011378059,.61697698,.018441627,.018181818,0,107.48801,No,No,9,,No,No,0,,2503.1731,.13331255,-.089098692,-.066953599,.049260866,-.064518794,.066328675,.046897903,.0445627713488648,5.90137,1,0,0,0,0,444174,9,.024760496,.71153843,.034798536,La Pasion,0,0,-.15605229,14sep2023,0,.57407409,1,0,0,0,0,0,1,.0080645159,12,La Pasión e Invitados,https://www.fallowremates.com/remates/10,2025-06-26 13:00:00,2025-06-26 23:00:00,.059800666,n-n-n,
1536,TEA TIME,IMPERADOR,TARAGOSA,.014560265,.57240814,.025436858,,2,87.271118,YES,No,9,,No,No,0,0,3203.2583,.02881813,-.041797489,-.054164253,.2212763,-.039239012,.082127869,.0069727316,.0254546642208879,8.2657537,4,1,0,0,.083147615,447211,11,.021922439,.67310011,.03256936,Vacacion,0,0,-.095961742,10nov2023,0,0,2,0,0,0,0,0,0,0,49,VACACIÓN,https://arg-sales.com/remates/view/351,03-07-2025,06-07-2025,,y-n-n,.16629523
707,TEMPLO SAGRADO,SEAHENGE (USA),TRUCHA,.024026787,.73248613,.032801695,.024,10,,No,No,0,115.75863,YES,Yes,7,.090909094,5285.8931,.2249743,.046236463,-.0011197344,-.063740917,.1846299,.0031638741,.0069727316,.0325801924991538,20.789042,10,7,0,0,.31263542,441814,7,.021922439,.67310011,.03256936,Vacacion,0,0,.04511673,26jul2023,5,.62698412,2,0,0,.015873017,.0088495575,0,3,.013636364,39,VACACIÓN,https://arg-sales.com/remates/view/351,03-07-2025,06-07-2025,.058449809,n-n-n,2.4072926
348,TERAPIA GRUPAL,UNCLE CHUCK (USA),TAORMINE,.032201726,.57749903,.055760656,.045763995,5,107.04797,YES,No,8,105.59261,YES,No,1,.024390243,7084.3799,.19747579,.17693698,-.044087578,.23251839,.11828394,.049268574,.0069727316,.0240743641270456,11.969863,8,2,0,0,.35116515,442663,8,.021922439,.67310011,.03256936,Vacacion,0,0,.13284941,10aug2023,0,0,1,0,0,0,0,0,0,0,26,VACACIÓN,https://arg-sales.com/remates/view/351,03-07-2025,06-07-2025,,y-n-n,2.8795543
523,TIEMPO DE GRACIA,IL CAMPIONE (CHI),TIEMPODEMARGARITA (CAN),.02723366,.65490478,.041584153,.092485547,6,,No,No,0,99.672333,No,No,0,0,5991.4053,.13742974,.010020025,.25352541,.13006841,.10097782,.0065508187,.046897903,.0685851916769025,12.383562,9,5,0,0,.1203903,445052,7,0,.80000001,0,Bravo Luis Alberto,0,0,.26354542,13jul2023,0,.5826087,1,0,0,.089855075,.054101221,0,28,.057026476,5,CARAMPANGUE,https://arg-sales.com/remates/view/355,12-07-2025,15-07-2025,.12884995,n-n-n,1.0233176
270,TRAPAÑIA,FULL MAST (USA),TRELIA,.034973972,.634368,.055131994,.068062827,9,105.56072,YES,YES,15,107.0272,YES,YES,2,.02247191,7694.2739,.2084752,.082452916,.20305364,-.063740917,.31921345,.0031638741,.0069727316,.0355660552886548,18.961643,10,6,0,1,.19402863,442101,8,.021922439,.67310011,.03256936,Vacacion,0,0,.28550655,04aug2023,0,.49738219,1,0,1,.062827222,.042402826,0,11,.05472637,20,VACACIÓN,https://arg-sales.com/remates/view/351,03-07-2025,06-07-2025,.086890243,y-y-n,1.9187275
2456,TRES RAICES,GOUVERNEUR MORRIS (USA),LOOK THE SKY,.0090486668,.77299827,.011705934,.045763995,0,84.306007,No,No,10,,No,No,0,,1990.7067,.065209508,.010020025,.023248706,-.00020423904,-.064518794,-.0028245822,-.041714434,.0386067047802499,5.0767121,1,0,0,0,0,442589,8,.023596939,.66071427,.035714287,La Nora,0,0,.033268731,12aug2023,0,1,2,0,0,.0625,.0091743115,0,2,.024691358,28,La Pasión e Invitados,https://www.fallowremates.com/remates/10,2025-06-26 13:00:00,2025-06-26 23:00:00,.24324325,n-n-n,
214,TRUMAN SHOW,FORTIFY (USA),TANCREDA,.037885234,.73179972,.051769946,.13122173,8,,No,No,0,115.75121,YES,YES,12,.125,8334.751,.10214758,.010020025,.39032814,-.063740917,.28103024,-.0071386658,.0069727316,.0278518114391773,13.939726,10,7,0,1,.42488694,445623,10,.021922439,.67310011,.03256936,Vacacion,0,0,.40034816,01oct2023,2,.55909091,2,0,0,.13181818,.074358977,0,31,.074879229,6,VACACIÓN,https://arg-sales.com/remates/view/351,03-07-2025,06-07-2025,.14814,n-n-n,5.0986433
1028,ULTIMA HORA,FULL MAST (USA),ULTIMA PASADA,.01957611,.56619418,.034574904,.068062827,1,91.676346,No,No,13,,No,No,0,,4306.7441,-.084045649,.082452916,.20305364,.021588083,-.064518794,.030342974,.0069727316,.0237216523564712,8.9863014,3,0,0,0,0,446594,10,.046257894,.7330097,.063106798,Carampangue,0,0,.28550655,13oct2023,0,.49738219,1,0,0,.062827222,.038834952,0,11,.05472637,21,CARAMPANGUE,https://arg-sales.com/remates/view/355,12-07-2025,15-07-2025,.086890243,n-n-n,0
1152,UNICA FORMA,FULL MAST (USA),URBANIA,.018168349,.57063901,.031838603,.068062827,6,80.450935,Yes,No,4,105.23792,No,No,0,0,3997.0366,.059983134,.082452916,.20305364,-.0015148669,.044770673,-.0079287067,.0069727316,.0444025111355586,14.027397,9,2,0,0,.080202296,446566,10,.021922439,.67310011,.03256936,Vacacion,0,0,.28550655,24oct2023,0,.49738219,1,0,0,.062827222,.03809524,0,11,.05472637,22,VACACIÓN,https://arg-sales.com/remates/view/351,03-07-2025,06-07-2025,.086890243,y-n-n,.72182071
967,WALDU,EQUAL STRIPES,WHAT A SHAME,.020237664,.60311323,.033555329,.072330654,6,98.972664,Yes,Yes,11,111.70264,YES,YES,7,.093333334,4452.2861,.21580812,-.052882247,.078814745,-.063740917,.30811405,-.020864302,-.041714434,.0524703037117433,15.926027,10,5,0,0,.28276211,441895,7,.024760496,.71153843,.034798536,La Pasion,0,0,.025932498,31jul2023,0,.37729359,2,0,0,.07110092,.041920215,0,6,.01904762,8,La Pasión e Invitados,https://www.fallowremates.com/remates/10,2025-06-26 13:00:00,2025-06-26 23:00:00,.085789993,y-n-n,3.5345263
1032,WESTERN LADY,FORGE (GB),WESTERN GIRL,.019541519,.5660345,.034523547,.034883723,5,105.22921,No,No,31,106.12266,YES,YES,5,.13157895,4299.1343,-.11293375,.010020025,.019184353,-.063740917,.3267889,-.031241989,.046897903,.0251168905488157,13.10411,7,3,0,1,.3320227,446602,10,.046257894,.7330097,.063106798,Carampangue,0,0,.029204378,25oct2023,0,.53488374,1,0,0,.023255814,.0097560976,0,3,.02,26,CARAMPANGUE,https://arg-sales.com/remates/view/355,12-07-2025,15-07-2025,.078369908,n-n-n,2.5233727
