rank,M_M_pairs,PBRS,PB,PR,PS,highInbreedingPadrillos,inbreedingCoefficient,mother,Momsiblings,uncles,maternalParents,M_age_at_service,M_season_orig,birthRate,birthRateLast3,hadRestYear,M_total_rcs,M_won_rcs,M_cumAEI,M_STK_ran,M_STK_won,M_g1_STK_placed,M_g1_STK_won,MomSib_Sibs_at2y,MomSib_Sibs_exp_at2y,MomSib_Sibs_raced_at2y,MomSib_wnrs_STK_at2y,MSib_total_rcs_at2y,MSib_wSh_at2y,STK_races_total_races,MSib_STK_won_at2y,MSib_g1_STK_ran_at2y,MSib_g1_STK_won_at2y,MSib_g2_STK_won_at2y,MSib_sum_cumAEI_at2y,MSib_mean_cumAEI_at2y,MomMUnc_Sibs_at2y,MomMUnc_Sibs_raced_at2y,MomMUnc_wnrs_STK_at2y,MMUnc_total_rcs_at2y,MMUnc_wsh,MMUnc_STK_ranSh,MMUnc_g1_STK_ranSh,MMUnc_STK_won_at2y,MMUnc_g1_STK_won_at2y,MMUnc_g2_STK_won_at2y,MMUnc_mean_cumAEI_at2y,MomFUnc_Sibs_at2y,MFUnc_total_rcs_at2y,MFUnc_wsh,MFUnc_STK_ranSh,MFUnc_g1_STK_ranSh,MFUnc_STK_wSh,MFUnc_g1_wSh,MFUnc_mean_cumAEI_at2y,M_M_Races,M_M_Wins,M_M_STK_ran,M_M_cumAEI,Dam_Mean_T3_BSN,Dam_Total_Rcs,Best_Foal_Bsn,Dam_Sib_Total_G1G2,DamSibs_G1G2_Total,Dam_Raced_STK,Dam_Placed_STK,Best_Foal_Raced_Stk,Best_Foal_Placed_Stk,birth_eday,name_clean,padrillo_clean,M_clean,lote,haras,link,start,end_date
503,1,.011450616,.33454448,.74617976,.04534772,,0,-.10450647,-.02911105,-.016974516,-.086335242,5.8273973,2,0,0,0,5,0,1.168083,0,0,0,0,0,0,0,0,0,0,0,0,0,0,0,0,0,2,2,0,10,.1,0,0,0,0,0,.19835244,324,1128,.13829787,.080673762,.013297873,.014184397,.0017730496,.22950847,3,0,0,.041560508,97.197029,5,0,0,0,No,No,No,No,02jul2026,adorada delia,daniel boone,safira azul,29,ABOLENGO,https://arg-sales.com/remates/view/347,27-04-2025,30-04-2025
461,1,.014280004,.33636019,.80534571,.052153829,,.0377176355047238,-.043343902,-.02911105,.020287279,-.11652574,6.8191781,1,0,0,0,3,1,.49048847,0,0,0,0,0,0,0,0,0,0,0,0,0,0,0,0,0,6,4,0,35,.2,.028571429,0,0,0,0,.31723729,773,5879,.13114475,.06769859,.0069739753,.012757272,.00068038784,.20080109,3,1,0,1.3757156,69.333138,3,0,0,0,No,No,No,No,02jul2026,altivez pagana,angiolo,forever wild,32,Fallow Latinoamericano,https://www.fallowremates.com/plataforma-remates/clientes/remates/listado/116,16-04-2025,16-04-2025
383,1,.018167214,.40260249,.77206403,.057893511,,.0372616016644055,-.021182096,-.061788686,.055710565,-.089197055,11.813699,8,1,1,0,12,2,4.0516868,1,0,0,0,5,0,3,0,0,0,0,0,0,0,0,0,0,10,7,0,79,.088607594,.025316456,.012658228,0,0,0,.14870995,523,4704,.14753401,.093112245,.022534013,.015093537,.0014880953,.24961467,7,1,0,1.7276757,96.60434,12,99.013298,0,0,YES,YES,Yes,No,02jul2026,amazonita,exchange rate,potra amazona,11,LA GENERACIÓN,https://arg-sales.com/remates/view/356,08-05-2025,11-05-2025
366,1,.019075895,.34530836,.80430996,.06817697,,.0356287275725393,-.037130669,-.02911105,.0011174791,.02821061,4.8520546,1,0,0,0,0,0,0,0,0,0,0,0,0,0,0,0,0,0,0,0,0,0,0,0,4,1,0,1,0,0,0,0,0,0,.028764438,855,5746,.1413157,.068917505,.017577445,.010790115,.0029585799,.2525678,28,5,12,21.878298,,0,0,0,0,No,No,No,No,02jul2026,angerona,hurricane cat,always ruler,3,Fallow Latinoamericano,https://www.fallowremates.com/plataforma-remates/clientes/remates/listado/116,16-04-2025,16-04-2025
436,1,.015969485,.34509254,.81464565,.056272373,,0,-.10450647,-.02911105,.020287279,-.017450433,5.7780824,1,0,0,0,4,0,0,0,0,0,0,0,0,0,0,0,0,0,0,0,0,0,0,0,9,4,0,59,.16949153,.016949153,0,0,0,0,.15825033,773,5878,.1313372,.067710109,.0069751618,.012759442,.00068050355,.2009187,9,4,1,3.3016472,33.667618,4,0,0,0,No,No,No,No,02jul2026,arca de noe,angiolo,tatoo you,33,Fallow Latinoamericano,https://www.fallowremates.com/plataforma-remates/clientes/remates/listado/116,16-04-2025,16-04-2025
458,1,.014762443,.37916631,.78610277,.049042732,,0,-.037130669,-.061788686,-.0077440925,-.09227784,4.7753425,3,1,0,0,0,0,0,0,0,0,0,0,0,0,0,0,0,0,0,0,0,0,0,0,9,6,0,49,.18367347,.020408163,.020408163,0,0,0,.23386081,1482,8938,.16871783,.085253969,.027411055,.0083911391,.0038039831,.31465682,11,2,2,3.1346822,,0,0,0,0,No,No,No,No,02jul2026,as we speak,equal stripes,asperges,6,ABOLENGO,https://arg-sales.com/remates/view/347,27-04-2025,30-04-2025
455,1,.014975267,.34303126,.81033927,.053317077,,.0357618623451412,.0036423877,.016653024,-.0027517304,-.1830513,13.89589,10,.71428573,1,0,11,3,3.5117254,0,0,0,0,3,1,1,0,62,.17741935,.048387095,0,0,0,0,15.63726766034961,.25221398,8,4,0,68,.05882353,0,0,0,0,0,.062808491,1110,11284,.11777738,.056097127,.01426799,.0066465791,.0017724212,.20167466,7,1,0,1.1753378,95.44973,11,105.20921,0,0,No,No,No,No,02jul2026,azarella,not for sale,april fizz,7,LA GENERACIÓN,https://arg-sales.com/remates/view/356,08-05-2025,11-05-2025
420,1,.016338516,.3353689,.78386992,.061534714,,.0338015976890347,-.10450647,.081663407,-.01125579,-.051299985,12.835616,9,.83333331,.66666669,0,4,0,.70891416,0,0,0,0,4,0,2,0,9,.22222222,0,0,0,0,0,1.46419907733798,.16268879,15,11,1,125,.12800001,.039999999,0,1,0,1,.20761293,944,7940,.11926952,.05188917,.011335013,.0071788412,.0006297229,.17916022,0,0,0,0,76.817238,4,96.889214,0,0,No,No,No,No,02jul2026,baby way,lizard island,baby glove,30,ABOLENGO,https://arg-sales.com/remates/view/347,27-04-2025,30-04-2025
498,1,.012039323,.35289326,.79373074,.042544208,,0,-.10450647,-.02911105,-.047492966,-.086335242,4.9863014,1,0,0,0,2,0,.02985646,0,0,0,0,0,0,0,0,0,0,0,0,0,0,0,0,0,3,1,0,7,0,0,0,0,0,0,.20038566,193,1106,.16998191,.05153707,.01084991,.0018083183,0,.24294156,1,1,0,1.0485339,,2,0,0,0,No,No,No,No,02jul2026,bambina birichina,bodemeister,bamboocha,43,Fallow Latinoamericano,https://www.fallowremates.com/plataforma-remates/clientes/remates/listado/116,16-04-2025,16-04-2025
505,1,.01140189,.41745877,.71806234,.037587721,,0,-.037130669,-.061788686,-.055597868,-.17111801,6.8739724,5,1,1,0,0,0,0,0,0,0,0,1,0,0,0,0,0,0,0,0,0,0,0,0,5,4,0,33,0,0,0,0,0,0,.035319753,38,193,.098445594,.005181347,0,0,0,.14175558,0,0,0,0,,0,0,0,0,No,No,No,No,02jul2026,bet on gold,gold gulch,be so nice,22,Fallow Latinoamericano,https://www.fallowremates.com/plataforma-remates/clientes/remates/listado/116,16-04-2025,16-04-2025
416,1,.016519073,.34231594,.76650101,.062302943,,0,-.0053700209,-.02911105,.041785676,-.086335242,6.7232876,1,0,0,0,12,3,2.1959975,0,0,0,0,0,0,0,0,0,0,0,0,0,0,0,0,0,3,2,0,13,.61538464,.23076923,.15384616,0,0,0,.98609865,335,1826,.1007667,.044359256,.009309967,.0082146768,.0010952903,.17769222,0,0,0,0,96.536957,12,0,0,0,No,No,No,No,02jul2026,bionic woman,john f kennedy,ismelda,21,Fallow Latinoamericano,https://www.fallowremates.com/plataforma-remates/clientes/remates/listado/116,16-04-2025,16-04-2025
387,1,.017998446,.31609184,.81827134,.068905339,,.0422895744023403,-.054938246,-.02911105,-.045747451,.10312141,9.8438358,2,0,0,0,40,5,7.7675867,0,0,0,0,0,0,0,0,0,0,0,0,0,0,0,0,0,9,8,0,72,.055555556,.013888889,0,0,0,0,.10960841,397,3671,.086897306,.033778261,.00817216,.0013620267,.0010896213,.13719988,2,1,0,.5506953,106.19514,40,0,0,0,No,No,No,No,02jul2026,bombon queen,sixties icon,runway queen,21,LA GENERACIÓN,https://arg-sales.com/remates/view/356,08-05-2025,11-05-2025
510,1,.010571909,.32514697,.76615548,.041906502,,.0438546284655916,-.10450647,-.061788686,-.0010034107,-.10731498,8.9863014,5,.66666669,.5,0,2,0,.1071241,0,0,0,0,1,0,0,0,0,0,0,0,0,0,0,0,0,7,5,0,54,.16666667,.11111111,.037037037,0,0,0,.3251687,1482,8936,.16875559,.08527305,.027417189,.0083930166,.0038048343,.31471527,5,1,0,1.2147,83.11087,2,0,0,0,No,No,No,No,02jul2026,boudicea,equal stripes,boudica,9,ABOLENGO,https://arg-sales.com/remates/view/347,27-04-2025,30-04-2025
423,1,.016229723,.35588449,.78191286,.057826359,,.0363408847494308,-.10450647,-.02911105,-.0020310506,.013765458,4.8246574,1,0,0,0,2,0,.028409092,0,0,0,0,0,0,0,0,0,0,0,0,0,0,0,0,0,4,3,0,30,.033333335,.06666667,.033333335,0,0,0,.083715498,371,1813,.12355212,.077771649,.012686156,.010479867,.00055157195,.19831692,0,0,0,0,55.542484,2,0,0,0,No,No,No,No,02jul2026,briol hit,hit it a bomb,cambriole glory,28,Fallow Latinoamericano,https://www.fallowremates.com/plataforma-remates/clientes/remates/listado/116,16-04-2025,16-04-2025
491,1,.012593785,.36485755,.78562063,.043492194,,0,-.10450647,-.02911105,-.016016752,-.10731498,4.0109587,1,0,0,0,2,0,.057363227,0,0,0,0,0,0,0,0,0,0,0,0,0,0,0,0,0,3,1,0,3,0,0,0,0,0,0,0,1482,8936,.16875559,.08527305,.027417189,.0083930166,.0038048343,.31472084,5,1,0,1.3812413,29.907766,2,0,0,0,No,No,No,No,02jul2026,candella star,equal stripes,candynella,1,ABOLENGO,https://arg-sales.com/remates/view/347,27-04-2025,30-04-2025
492,1,.01251947,.35681239,.78730547,.044198461,,.0357496056230115,-.10450647,-.02911105,-.020127442,-.086335242,4.7863011,1,0,0,0,3,0,0,0,0,0,0,0,0,0,0,0,0,0,0,0,0,0,0,0,5,3,0,65,.13846155,0,0,0,0,0,.11390709,441,2483,.14579138,.081353202,.0177205,.0080547724,.0012082158,.23671518,0,0,0,0,57.404427,3,0,0,0,No,No,No,No,02jul2026,candy cabala,seÑor candy,curie marie,13,Fallow Latinoamericano,https://www.fallowremates.com/plataforma-remates/clientes/remates/listado/116,16-04-2025,16-04-2025
517,1,.0071525825,.23895492,.68799525,.042906962,,.030621801349438,-.04829143,-.061788686,-.070297897,-.097133338,17.542465,16,.76923078,.66666669,0,0,0,0,0,0,0,0,9,0,4,0,0,0,0,0,0,0,0,0,0,0,0,0,0,0,0,0,0,0,0,0,62,232,.28879312,.099137932,.012931035,.038793102,0,.39823872,0,0,0,0,,0,78.88665,1,.047619049,No,No,YES,No,02jul2026,candy cat,candy ride,stormin wife,37,LA GENERACIÓN,https://arg-sales.com/remates/view/356,08-05-2025,11-05-2025
357,1,.019393746,.42454469,.79582804,.056952145,,.0352891599763657,-.032791972,-.061788686,.050579425,-.086335242,11.00548,8,1,1,0,7,1,2.8242416,0,0,0,0,4,0,3,0,0,0,0,0,0,0,0,0,0,8,8,0,64,.140625,.0625,0,0,0,0,.17455231,523,4709,.14758973,.09322574,.022510087,.015077511,.0014865152,.24961029,2,0,0,.29232505,99.096336,7,87.485512,0,0,No,No,No,No,02jul2026,cecil aspen,exchange rate,crystal in aspen,7,ABOLENGO,https://arg-sales.com/remates/view/347,27-04-2025,30-04-2025
151,1,.031278621,.44238174,.77772695,.090096876,,.0437271741718876,.20251907,-.061788686,.047588523,-.069424428,10.767123,7,1,1,0,21,6,11.364421,11,2,0,0,3,0,1,0,0,0,0,0,0,0,0,0,0,10,7,0,83,.096385539,.024096385,0,0,0,0,.15775143,523,4695,.14696486,.091160811,.022577209,.014696485,.0014909478,.24853562,5,1,0,.62912065,111.62569,21,74.000122,0,0,YES,Yes,No,No,02jul2026,charm scent,exchange rate,charming melody,38,LA GENERACIÓN,https://arg-sales.com/remates/view/356,08-05-2025,11-05-2025
127,1,.032917839,.7375415,.76305431,.058040645,,0,-.048916489,-.02911105,-.042054616,.0049091838,5.0109587,1,0,0,0,13,1,2.4266155,2,0,0,0,0,0,0,0,0,0,0,0,0,0,0,0,0,2,1,0,1,0,0,0,0,0,0,.028235285,231,647,.089644514,.063369401,.020092735,.00618238,.001545595,.21142197,11,3,4,6.974679,95.101646,13,0,0,0,YES,YES,No,No,02jul2026,chiska,seahenge,capitolia,6,VACACIÓN,https://arg-sales.com/remates/view/348,20-04-2025,23-04-2025
113,1,.034162294,.36874518,.85119724,.10799594,,.0324764294056682,-.075132705,.244771,.074140832,-.020740721,10.956164,6,1,0,0,27,2,2.3621702,0,0,0,0,2,0,1,0,40,.15000001,.1,0,3,0,0,10.65979889035225,.26649496,9,7,1,65,.12307692,.07692308,0,1,0,1,.25550973,233,2197,.1128812,.091488391,.018206645,.018206645,.0022758306,.21374005,7,2,5,4.6752319,89.030151,27,53.557495,0,0,No,No,No,No,02jul2026,ciao bambina,heliostatic,cincidella,23,Fallow Latinoamericano,https://www.fallowremates.com/plataforma-remates/clientes/remates/listado/116,16-04-2025,16-04-2025
444,1,.015674917,.28804314,.78674388,.068485521,,.0150198412177685,-.0088382717,.051066987,-.059764098,-.012350556,17.054794,12,.80000001,1,0,11,4,3.6501145,0,0,0,0,7,1,4,0,79,.1392405,.088607594,1,2,1,0,23.82554780505598,.30158922,10,8,1,94,.19148937,.10638298,.021276595,1,0,1,.24311168,436,4029,.12782328,.055596922,.012658228,.0094316211,.0004964011,.20153512,3,0,0,0,92.097458,11,75.924973,0,0,No,No,No,No,02jul2026,city of passion,footstepsinthesand,cherish,34,LA GENERACIÓN,https://arg-sales.com/remates/view/356,08-05-2025,11-05-2025
437,1,.015891723,.36060753,.76981854,.056655888,,.0335073491080914,-.074002944,-.02911105,-.046684787,.024721876,4.7917809,1,0,0,0,13,1,2.1014314,0,0,0,0,0,0,0,0,0,0,0,0,0,0,0,0,0,4,2,0,10,.2,0,0,0,0,0,.12045588,351,941,.090329438,.049946863,.004250797,.004250797,0,.17198177,12,4,10,17.038515,78.812515,13,0,0,0,No,No,No,No,02jul2026,contesta bien,long island sound,contessa linda,20,ABOLENGO,https://arg-sales.com/remates/view/347,27-04-2025,30-04-2025
200,1,.02701073,.72704738,.69147491,.053228252,,0,-.037130669,-.061788686,.018386733,-.078047991,6.7945204,4,1,0,0,0,0,0,0,0,0,0,1,0,0,0,0,0,0,0,0,0,0,0,0,1,1,0,4,0,0,0,0,0,0,0,74,377,.1458886,.12732096,.02917772,.018567638,.0053050397,.27169535,4,1,1,1.5541444,,0,0,0,0,No,No,No,No,02jul2026,coordinate style,war command,coordinate axis,30,VACACIÓN,https://arg-sales.com/remates/view/348,20-04-2025,23-04-2025
514,1,.0092367912,.40455469,.79431367,.028458575,,.0417737020355802,-.10450647,-.10474133,-.035611764,-.207752,12.008219,9,1,1,0,1,0,0,0,0,0,0,4,0,2,0,28,.10714286,0,0,0,0,0,4.000013021752238,.14285761,9,5,0,42,.14285715,0,0,0,0,0,.13628015,587,4845,.095768832,.033642929,.008668731,.0030959751,.0012383901,.15297198,4,2,2,14.404101,7.3967724,1,94.265755,0,0,No,No,Yes,No,02jul2026,coostentada,asiatic boy,coordenada,4,Fallow Latinoamericano,https://www.fallowremates.com/plataforma-remates/clientes/remates/listado/116,16-04-2025,16-04-2025
92,1,.035956144,.68858528,.78846645,.065806456,,.0453262641539186,-.057854023,-.061788686,.016642552,.065079615,11.035617,7,.80000001,1,0,17,2,2.3581414,0,0,0,0,2,0,1,0,0,0,0,0,0,0,0,0,0,3,1,0,1,0,0,0,0,0,0,-1.0058284e-07,812,8151,.1613299,.091522515,.025272973,.0092013245,.0024536867,.26695129,15,2,0,3.7193165,92.965294,17,63.493294,0,0,No,No,No,No,02jul2026,corsiga,roman ruler,credenza,33,VACACIÓN,https://arg-sales.com/remates/view/348,20-04-2025,23-04-2025
467,1,.013839172,.35378301,.80070132,.048387531,,0,-.037130669,-.02911105,-.015038237,-.1242258,3.750685,1,0,0,0,0,0,0,0,0,0,0,0,0,0,0,0,0,0,0,0,0,0,0,0,11,8,1,82,.13414635,.085365854,.012195121,1,0,1,.24888928,1482,8938,.16871783,.085253969,.027411055,.0083911391,.0038039831,.31465682,3,1,0,.97307134,,0,0,0,0,No,No,No,No,02jul2026,cosa bella,equal stripes,cosabela,5,ABOLENGO,https://arg-sales.com/remates/view/347,27-04-2025,30-04-2025
462,1,.014259554,.33703566,.79849946,.052451272,,0,-.047857068,-.02911105,-.011968907,-.076940343,6.9698629,1,0,0,0,7,1,1.0329249,0,0,0,0,0,0,0,0,0,0,0,0,0,0,0,0,0,10,7,1,91,.15384616,.08791209,0,2,0,0,.21560135,406,2905,.12013769,.056798622,.012048192,.0086058518,.0024096386,.19223556,9,1,0,1.3325591,73.848907,7,0,0,0,No,No,No,No,02jul2026,cultista,zensational,cuantica,22,LA GENERACIÓN,https://arg-sales.com/remates/view/356,08-05-2025,11-05-2025
186,1,.028493376,.73370361,.73592651,.052400429,,.0396124077379122,-.037130669,-.061788686,.029873084,-.10765131,10.079453,8,1,1,0,0,0,0,0,0,0,0,4,0,1,0,0,0,0,0,0,0,0,0,0,4,4,0,53,.24528302,.16981132,.11320755,0,0,0,.40949684,1482,8938,.16871783,.085253969,.027411055,.0083911391,.0038039831,.31465682,4,3,2,5.2208877,,0,0,0,0,No,No,No,No,02jul2026,dia de felicidad,equal stripes,dolore,27,VACACIÓN,https://arg-sales.com/remates/view/348,20-04-2025,23-04-2025
459,1,.014757992,.34899065,.79127651,.052881107,,.0297247546408707,-.037130669,-.02911105,-.016016752,-.07141386,3.9890411,1,0,0,0,0,0,0,0,0,0,0,0,0,0,0,0,0,0,0,0,0,0,0,0,2,1,0,12,.16666667,0,0,0,0,0,.33111864,1482,8938,.16871783,.085253969,.027411055,.0083911391,.0038039831,.31465682,7,3,2,3.1863532,,0,0,0,0,No,No,No,No,02jul2026,different star,equal stripes,different rule,3,ABOLENGO,https://arg-sales.com/remates/view/347,27-04-2025,30-04-2025
34,1,.045317452,.57624352,.79571867,.098044597,,.0315765218004214,-.054938246,.21115506,.04376075,-.03312676,16.057535,13,.72727275,.66666669,0,8,1,1.8582975,0,0,0,0,6,0,2,0,93,.13978495,.032258064,1,1,0,0,19.18719371780753,.20631391,11,7,1,54,.24074075,.18518518,.09259259,3,2,0,.47286224,884,9447,.17412935,.11220493,.032497089,.0079390286,.0030697575,.26904336,0,0,0,0,86.290146,8,101.18901,0,0,No,No,No,No,02jul2026,dimy tradition,mutakddim,jazz tradition,26,VACACIÓN,https://arg-sales.com/remates/view/348,20-04-2025,23-04-2025
431,1,.016059391,.34521416,.7650429,.060188923,,.0446270095627915,-.10450647,-.02911105,.0065950379,.043108869,6.0849314,1,0,0,0,2,0,.22350992,0,0,0,0,0,0,0,0,0,0,0,0,0,0,0,0,0,4,2,0,10,.2,0,0,0,0,0,.25874677,415,2844,.12623066,.09774965,.019690577,.011603376,.0017580872,.23002264,18,4,6,8.8912411,75.30864,2,0,0,0,No,No,No,No,02jul2026,distinta city,cityscape,distinta nistel,30,Fallow Latinoamericano,https://www.fallowremates.com/plataforma-remates/clientes/remates/listado/116,16-04-2025,16-04-2025
506,1,.0108688,.35090196,.75425243,.04059587,,0,-.10450647,-.061788686,-.016016752,-.10731498,8.0739727,4,.5,0,0,1,0,0,0,0,0,0,0,0,0,0,0,0,0,0,0,0,0,0,0,6,3,0,15,0,0,0,0,0,0,.054798957,1482,8937,.16873671,.085263513,.027414121,.0083920779,.0038044087,.31469205,10,2,0,1.7832968,43.513344,1,0,0,0,No,No,No,No,02jul2026,distinta ilusion,equal stripes,distinguida catch,14,ABOLENGO,https://arg-sales.com/remates/view/347,27-04-2025,30-04-2025
472,1,.013484749,.37876844,.79806936,.044157181,,.0345909737054542,-.03080067,-.061788686,-.023967896,-.13218996,5.8904109,3,1,0,0,3,1,1.7180988,1,0,0,0,0,0,0,0,0,0,0,0,0,0,0,0,0,6,4,0,47,.04255319,.04255319,0,0,0,0,.045389373,272,1295,.13745174,.045559846,.010810811,.0084942086,.0038610038,.22076735,2,1,0,.9363305,94.788895,3,0,0,0,Yes,No,No,No,02jul2026,dona iara,storm embrujado,poetfromthepulpit,24,LA GENERACIÓN,https://arg-sales.com/remates/view/356,08-05-2025,11-05-2025
470,1,.013580298,.39176095,.75869483,.045208734,,.0406617256863952,-.037130669,-.061788686,-.01183778,-.1242258,7.7534246,6,1,1,0,0,0,0,0,0,0,0,2,0,0,0,0,0,0,0,0,0,0,0,0,13,10,0,97,.19587629,.020618556,.010309278,0,0,0,.19982718,1482,8938,.16871783,.085253969,.027411055,.0083911391,.0038039831,.31465682,4,2,0,1.6319559,,0,0,0,0,No,No,No,No,02jul2026,donna unica,equal stripes,donna halo,8,ABOLENGO,https://arg-sales.com/remates/view/347,27-04-2025,30-04-2025
372,1,.018633276,.39941332,.79596883,.05798924,,.0331666313315089,-.052783106,-.061788686,.022437055,-.03506754,8.032877,4,1,0,0,23,3,2.5976183,0,0,0,0,1,0,0,0,0,0,0,0,0,0,0,0,0,4,4,2,31,.3548387,.22580644,.12903225,4,2,1,.74834657,677,4512,.098847516,.068040781,.023049645,.0079787234,.0026595744,.19810121,14,3,4,5.438334,101.88634,23,0,0,0,No,No,No,No,02jul2026,earthrise,treasure beach,earthshine,2,ABOLENGO,https://arg-sales.com/remates/view/347,27-04-2025,30-04-2025
509,1,.010604164,.39201123,.75600266,.03540659,,.0401347684617711,-.037130669,-.061788686,-.037189662,-.21375723,7.789041,6,1,1,0,0,0,0,0,0,0,0,2,0,0,0,0,0,0,0,0,0,0,0,0,4,4,3,73,.20547946,.31506848,.05479452,7,0,0,.43597648,587,4846,.095749073,.033635989,.0086669419,.0030953363,.0012381346,.15294042,8,1,0,.72747838,,0,0,0,0,No,No,No,No,02jul2026,embalada girl,asiatic boy,emberly,4,ABOLENGO,https://arg-sales.com/remates/view/347,27-04-2025,30-04-2025
365,1,.019160522,.41644317,.77284378,.058983497,,.0433707578394778,.056836575,-.061788686,.0091295429,-.11601939,9.0602741,5,1,1,0,24,1,3.6390138,3,0,0,0,1,0,0,0,0,0,0,0,0,0,0,0,0,3,1,0,12,.083333336,.083333336,0,0,0,0,.17453478,145,1123,.089047194,.047195014,.0044523599,.010685664,0,.15846324,5,1,0,1.2506886,103.58823,24,0,0,0,YES,No,No,No,02jul2026,emmapiday,emmanuel,icyday,25,LA GENERACIÓN,https://arg-sales.com/remates/view/356,08-05-2025,11-05-2025
404,1,.017143166,.40264311,.78713,.053646561,,.0339730214680593,-.037130669,-.061788686,.016971249,-.077401645,8.9863014,7,.80000001,.66666669,0,0,0,0,0,0,0,0,3,0,2,0,0,0,0,0,0,0,0,0,0,10,8,1,103,.11650486,.11650486,.029126214,2,2,0,.38269666,145,1147,.088055797,.048823018,.0052310373,.010462075,0,.15832017,6,1,5,5.1754293,,0,54.086239,0,0,No,No,No,No,02jul2026,emmarose,emmanuel,rose city,28,LA GENERACIÓN,https://arg-sales.com/remates/view/356,08-05-2025,11-05-2025
494,2,.012418422,.37512007,.7802121,.042025298,,.0416406586626545,-.10450647,-.061788686,-.014007874,-.086335242,8.7643833,6,.5,.66666669,0,1,0,0,0,0,0,0,2,0,1,0,0,0,0,0,0,0,0,0,0,7,5,0,95,.042105265,0,0,0,0,0,.069850899,677,4534,.099029556,.067710631,.022937803,.0079400092,.0026466695,.1977129,0,0,0,0,39.274906,1,44.0117,0,0,No,No,No,No,02jul2026,enviada beach,treasure beach,enviable,24,Fallow Latinoamericano,https://www.fallowremates.com/plataforma-remates/clientes/remates/listado/116,16-04-2025,16-04-2025
495,2,.012273927,.37326252,.78079432,.041765839,,.0377803504597278,-.10450647,-.061788686,-.011691269,-.086335242,9.8328772,5,.66666669,1,0,3,0,0,0,0,0,0,1,0,0,0,0,0,0,0,0,0,0,0,0,7,5,0,93,.043010753,0,0,0,0,0,.07135307,1336,11664,.12328532,.067301095,.019032922,.006430041,.0023148148,.21543984,0,0,0,0,61.146835,3,0,0,0,No,No,No,No,02jul2026,envidiada catch,catcher in the rye,enviable,25,Fallow Latinoamericano,https://www.fallowremates.com/plataforma-remates/clientes/remates/listado/116,16-04-2025,16-04-2025
448,2,.015207388,.30926186,.79306895,.061381072,,0,-.038415499,-.02911105,-.01835392,-.0007994175,6.9698629,2,0,0,0,6,1,.70595545,0,0,0,0,0,0,0,0,0,0,0,0,0,0,0,0,0,6,2,0,17,.11764706,0,0,0,0,0,.19210915,1575,9961,.17026404,.095371954,.022487702,.0075293644,.0028109627,.28572428,8,1,2,1.8048148,76.622261,6,0,0,0,No,No,No,No,02jul2026,escape intent,orpen,escape fox,9,Fallow Latinoamericano,https://www.fallowremates.com/plataforma-remates/clientes/remates/listado/116,16-04-2025,16-04-2025
464,1,.014086422,.33855617,.79675108,.051682524,,.0373807103169384,-.067808926,-.053446308,-.0083722249,-.051299985,12.986301,9,.85714287,.66666669,0,5,1,.42243358,0,0,0,0,4,0,2,0,59,.11864407,.033898305,0,2,0,0,11.1853432841599,.18958209,8,4,0,30,.13333334,0,0,0,0,0,.15522228,944,7939,.11915858,.051895704,.01133644,.0071797455,.00062980223,.17921887,0,0,0,0,84.852081,5,91.562775,0,0,No,No,No,No,02jul2026,escriba maxima,lizard island,emerald girl,28,ABOLENGO,https://arg-sales.com/remates/view/347,27-04-2025,30-04-2025
95,1,.035330776,.63842851,.79383898,.069281265,,.0349997356448107,-.037130669,-.061788686,.016642552,.053805742,8.8410959,7,.60000002,.33333334,0,0,0,0,0,0,0,0,2,0,1,0,0,0,0,0,0,0,0,0,0,2,1,0,1,0,0,0,0,0,0,0,812,8168,.16123898,.091332026,.025220372,.0091821747,.0024485798,.26668441,0,0,0,0,,0,90.499893,0,0,No,No,No,No,02jul2026,eternal affair,roman ruler,enigmatique,24,VACACIÓN,https://arg-sales.com/remates/view/348,20-04-2025,23-04-2025
323,1,.021524223,.2869398,.82189304,.090612158,,.0351534687069943,-.037130669,.063721679,.026069533,.053805742,13.019178,10,.5,.66666669,0,0,0,0,0,0,0,0,3,0,2,0,37,.054054055,0,0,0,0,0,4.62532611284405,.12500881,8,5,0,43,.1627907,.093023255,.023255814,0,0,0,.22089261,812,8168,.16123898,.091332026,.025220372,.0091821747,.0024485798,.26668441,0,0,0,0,,0,107.8058,1,.033333335,No,No,YES,Yes,02jul2026,eternal magic,roman ruler,escolada,34,Fallow Latinoamericano,https://www.fallowremates.com/plataforma-remates/clientes/remates/listado/116,16-04-2025,16-04-2025
463,1,.014114165,.38775024,.77800727,.046319507,,.032465678249974,-.10450647,-.061788686,.017181639,-.069424428,6.9150686,4,1,0,0,1,0,0,0,0,0,0,0,0,0,0,0,0,0,0,0,0,0,0,0,7,5,1,54,.18518518,.11111111,.09259259,1,0,1,.4174349,677,4534,.099029556,.067710631,.022937803,.0079400092,.0026466695,.1977129,10,2,0,2.0589695,27.226318,1,0,0,0,No,No,No,No,02jul2026,evadila,treasure beach,evindim,23,ABOLENGO,https://arg-sales.com/remates/view/347,27-04-2025,30-04-2025
445,1,.015532889,.41663536,.81904662,.045125715,,.0409184565105534,-.032791972,-.066253133,-.016016752,-.1242258,10.986301,8,1,1,0,7,1,.55043769,0,0,0,0,4,0,3,0,57,.19298245,.087719299,0,1,0,0,17.83584490977228,.31290957,7,4,0,41,.048780486,0,0,0,0,0,.1015576,1482,8931,.1687381,.085320793,.027432539,.0083977161,.0038069645,.31484184,0,0,0,0,81.09404,7,108.51273,0,0,No,No,No,No,02jul2026,ever she,equal stripes,ever close,19,ABOLENGO,https://arg-sales.com/remates/view/347,27-04-2025,30-04-2025
454,1,.015006164,.35041898,.80698967,.052547924,,0,-.076181769,-.02911105,-.0083722249,-.051299985,5.9424658,1,0,0,0,14,1,2.1669719,0,0,0,0,0,0,0,0,0,0,0,0,0,0,0,0,0,4,2,0,22,.13636364,.090909094,0,0,0,0,.22831161,944,7930,.11929382,.051954601,.011349306,.0071878941,.00063051702,.17920229,0,0,0,0,95.253807,14,0,0,0,No,No,No,No,02jul2026,exact link,lizard island,exact time,22,ABOLENGO,https://arg-sales.com/remates/view/347,27-04-2025,30-04-2025
489,1,.012615899,.26775709,.78402108,.059578542,,.0341029187374833,-.044036675,.064181648,-.052512966,-.041525729,17.89863,12,.875,.66666669,0,51,2,3.7175922,0,0,0,0,6,0,4,1,51,.19607843,.078431375,0,0,0,0,13.84552722983062,.27148092,4,4,0,65,.13846155,.07692308,.046153847,0,0,0,.23874032,175,2239,.11076374,.078159891,.024117909,.012058955,.0031263956,.23211026,14,1,0,1.8910573,90.265533,51,105.34615,4,.07692308,No,No,YES,YES,02jul2026,extra royal,val royal,extra nice,14,LA GENERACIÓN,https://arg-sales.com/remates/view/356,08-05-2025,11-05-2025
61,1,.038991284,.76572955,.80866081,.062564738,,.0305696445948342,-.10450647,-.061788686,.026529383,.053805742,7.8246574,4,1,0,0,2,0,0,0,0,0,0,1,0,0,0,0,0,0,0,0,0,0,0,0,5,3,0,41,.12195122,.097560972,.024390243,0,0,0,.17766564,812,8166,.16127847,.0913544,.025226548,.0091844229,.0024491795,.26674971,0,0,0,0,44.527042,2,0,0,0,No,No,No,No,02jul2026,fragancia primaveral,roman ruler,francina,13,VACACIÓN,https://arg-sales.com/remates/view/348,20-04-2025,23-04-2025
417,1,.016445123,.39787138,.80330825,.0510162,,.0396921579217283,-.058917753,-.061788686,-.0020388141,-.0541065,11.035617,7,.80000001,1,0,12,1,2.4257832,1,0,0,0,3,0,2,0,0,0,0,0,0,0,0,0,0,6,5,0,58,.10344828,.068965517,.034482758,0,0,0,.14433798,1482,8926,.16883263,.085256554,.027447905,.0084024202,.003809097,.31480807,5,1,0,.68946666,91.702919,12,70.582672,0,0,YES,No,No,No,02jul2026,french filly,equal stripes,french honour,24,ABOLENGO,https://arg-sales.com/remates/view/347,27-04-2025,30-04-2025
456,2,.014869451,.35685089,.82382119,.050160687,,.0338570875728867,-.10450647,-.02911105,-.0030521937,-.03312676,4.8356166,1,0,0,0,6,0,.41364872,0,0,0,0,0,0,0,0,0,0,0,0,0,0,0,0,0,8,5,0,74,.12162162,.13513513,.027027028,0,0,0,.23762892,677,4529,.099138886,.067785382,.022963127,.0079487748,.0026495915,.19783984,0,0,0,0,78.656059,6,0,0,0,No,No,No,No,02jul2026,frisca beach,treasure beach,frisco jag,31,ABOLENGO,https://arg-sales.com/remates/view/347,27-04-2025,30-04-2025
439,1,.015813256,.35508454,.8069005,.054657381,,0,-.0667402,-.02911105,-.0083722249,-.041153498,5.8301368,1,0,0,0,21,2,2.8607452,0,0,0,0,0,0,0,0,0,0,0,0,0,0,0,0,0,3,2,0,8,0,0,0,0,0,0,.054951943,944,7923,.119273,.052000504,.011359334,.0071942448,.00063107407,.17927304,25,3,0,5.3673577,77.728447,21,0,0,0,No,No,No,No,02jul2026,gaita linda,lizard island,gaita bonita,10,ABOLENGO,https://arg-sales.com/remates/view/347,27-04-2025,30-04-2025
409,1,.016964162,.35113993,.7932744,.060306624,,0,-.074002944,-.02911105,.031165216,-.023760509,5.9671235,1,0,0,0,13,1,1.5586251,0,0,0,0,0,0,0,0,0,0,0,0,0,0,0,0,0,8,6,0,72,.083333336,.027777778,.013888889,0,0,0,.13959995,723,4326,.15117891,.14724919,.049006011,.017337032,.0053166896,.34104094,16,4,5,7.0741334,81.047028,13,0,0,0,No,No,No,No,02jul2026,galana es,fortify,grandera,26,LA GENERACIÓN,https://arg-sales.com/remates/view/356,08-05-2025,11-05-2025
282,1,.023257084,.38332325,.7378425,.081416793,,.0334419181191991,.14713615,-.061788686,.014863651,-.03312676,10.906849,6,1,1,0,28,4,7.0751638,7,0,0,0,2,0,0,0,0,0,0,0,0,0,0,0,0,2,1,0,8,0,0,0,0,0,0,.0032492967,111,600,.13500001,.10166667,.025,.016666668,.0016666667,.24435486,0,0,0,0,108.09775,28,0,0,0,YES,YES,No,No,02jul2026,genelle,wild event,crystal lady,19,Fallow Latinoamericano,https://www.fallowremates.com/plataforma-remates/clientes/remates/listado/116,16-04-2025,16-04-2025
179,1,.029115718,.32764512,.80071336,.11041546,,.0436752735474147,-.01729252,.25228229,.070292294,-.03312676,13.830137,9,.85714287,.66666669,0,7,2,2.1099088,0,0,0,0,4,1,3,1,9,.33333334,.11111111,0,0,0,0,3.923905283212662,.43598947,10,7,0,104,.10576923,.057692308,.03846154,0,0,0,.20519632,78,832,.14182693,.081730768,.014423077,.013221154,.0036057692,.24555475,0,0,0,0,83.244804,7,114.96284,3,.063829787,No,No,YES,YES,02jul2026,giulia flavia,offlee wild,good and crafty,3,LA GENERACIÓN,https://arg-sales.com/remates/view/356,08-05-2025,11-05-2025
457,2,.014852879,.41136187,.76996768,.046411164,,.0332291766388624,-.037130669,-.061788686,.0073822774,-.14192197,10.838356,9,1,1,0,0,0,0,0,0,0,0,3,0,1,0,0,0,0,0,0,0,0,0,0,8,6,0,80,.1125,.125,.025,0,0,0,.22497736,1110,11295,.11792829,.056042496,.014254095,.0066401064,.001770695,.20178916,0,0,0,0,,0,59.232246,0,0,No,No,No,No,02jul2026,give me frisco,not for sale,frisco jag,11,ABOLENGO,https://arg-sales.com/remates/view/347,27-04-2025,30-04-2025
144,1,.03160632,.3228502,.79852337,.12140433,,.0397109662123882,-.04829143,.23119634,-.0065642633,.12053743,15.013699,10,.75,1,0,21,0,1.0158156,0,0,0,0,5,0,3,0,79,.18987341,.075949363,0,0,0,0,23.59002113901079,.29860786,7,7,2,142,.19014084,.15492958,.04225352,6,2,1,.33395764,210,1860,.14408602,.055913977,.01344086,.0059139784,.0021505377,.21880233,6,1,0,.92579931,75.200447,21,90.884483,0,0,No,No,No,No,02jul2026,gold ville,johannesburg,villa hipica,32,LA GENERACIÓN,https://arg-sales.com/remates/view/356,08-05-2025,11-05-2025
9,1,.058404952,.75589019,.8104763,.09465351,,.0387866424718725,-.043343902,.0202531,.013268609,.15657561,10.99452,8,1,1,0,3,1,.68783277,0,0,0,0,3,0,1,0,27,.2962963,.33333334,3,6,2,0,48.95514648780227,1.8131536,11,10,3,132,.1969697,.075757578,.015151516,4,0,0,.28357008,812,8165,.16117574,.091365583,.025229638,.0091855479,.0024494794,.26669815,24,8,9,10.925757,64.51049,3,77.081802,0,0,No,No,No,No,02jul2026,ilussionary,roman ruler,imagination,5,VACACIÓN,https://arg-sales.com/remates/view/348,20-04-2025,23-04-2025
207,1,.026540216,.74258739,.76580548,.046293728,,.0336756109082899,-.10450647,-.02911105,-.042054616,-.051299985,4.9753423,1,0,0,0,6,0,1.0597118,0,0,0,0,0,0,0,0,0,0,0,0,0,0,0,0,0,3,2,0,24,.125,0,0,0,0,0,.15720548,231,654,.090214066,.065749235,.019877676,.0061162082,.001529052,.21124911,0,0,0,0,87.304794,6,0,0,0,No,No,No,No,02jul2026,implosive,seahenge,implosiva,19,VACACIÓN,https://arg-sales.com/remates/view/348,20-04-2025,23-04-2025
430,1,.016061762,.34064874,.8022992,.058217768,,0,-.037130669,-.02911105,.003911417,-.051299985,4.9095888,1,0,0,0,0,0,0,0,0,0,0,0,0,0,0,0,0,0,0,0,0,0,0,0,5,4,0,33,.12121212,.090909094,.030303031,0,0,0,.19012247,944,7944,.11920947,.051863041,.011329305,.0071752267,.00062940584,.17915925,0,0,0,0,,0,0,0,0,No,No,No,No,02jul2026,inca mind,lizard island,inca girl,35,Fallow Latinoamericano,https://www.fallowremates.com/plataforma-remates/clientes/remates/listado/116,16-04-2025,16-04-2025
60,1,.039005224,.68277401,.80695122,.070294298,,.0333916772293118,-.019532368,-.061788686,.011356015,.053805742,10.887671,7,.80000001,.66666669,0,14,3,2.9525506,0,0,0,0,3,0,2,0,0,0,0,0,0,0,0,0,0,7,6,1,73,.15068494,.16438356,0,2,0,0,.30743337,812,8154,.16114791,.091488838,.025263675,.0091979401,.002452784,.2667802,0,0,0,0,95.34481,14,76.230034,0,0,No,No,No,No,02jul2026,inca romana,roman ruler,inca guerrera,3,VACACIÓN,https://arg-sales.com/remates/view/348,20-04-2025,23-04-2025
484,1,.012761837,.36290294,.76637846,.04538703,,0,-.067808926,-.061788686,-.020577438,-.086335242,6.9342465,3,1,0,0,5,1,1.4745793,0,0,0,0,0,0,0,0,0,0,0,0,0,0,0,0,0,5,1,0,2,0,0,0,0,0,0,.045118123,335,1833,.101473,.044189852,.0092744138,.0081833061,.0010911075,.17740722,0,0,0,0,89.374847,5,0,0,0,No,No,No,No,02jul2026,incluida bien,john f kennedy,include me,25,ABOLENGO,https://arg-sales.com/remates/view/347,27-04-2025,30-04-2025
218,1,.026109686,.70404315,.80477852,.045804918,,.0342649876271632,-.068456851,-.084572226,-.012556516,-.086335242,12.923287,8,1,1,0,11,1,1.077937,0,0,0,0,4,0,2,0,53,.1509434,.018867925,0,0,0,0,8.108208954334259,.15298508,7,6,0,86,.11627907,.011627907,0,0,0,0,.13754709,636,6472,.11727441,.042181704,.011279358,.0054079108,.0010815822,.18832506,1,1,0,1.0636364,77.027634,11,56.749863,0,0,No,No,No,No,02jul2026,india secreta,indygo shiner,hegemonia,31,VACACIÓN,https://arg-sales.com/remates/view/348,20-04-2025,23-04-2025
74,1,.037381202,.57063252,.78163111,.08309719,,.0343150855694278,-.022762917,.19007233,-.060200907,-.03312676,18.972603,14,.89999998,1,0,17,4,6.6169958,0,0,0,0,9,2,4,0,106,.14150943,.1509434,6,2,0,1,36.41504292190075,.34353814,11,6,0,91,.15384616,.054945055,0,0,0,0,.20702495,154,854,.12529273,.050351288,.014051522,.0081967209,.0011709601,.20437233,0,0,0,0,109.38082,17,82.576057,0,0,No,No,No,No,02jul2026,indian got,hennessy,ingot,39,VACACIÓN,https://arg-sales.com/remates/view/348,20-04-2025,23-04-2025
297,1,.022679806,.42533216,.81964594,.064604163,,.0396196338142895,-.067179129,-.061788686,.1352348,-.076940343,8.8191776,5,1,1,0,16,1,1.7408884,1,0,0,0,1,0,0,0,0,0,0,0,0,0,0,0,0,7,5,1,49,.20408164,.40816328,.22448979,2,0,1,.86146402,523,4700,.14787234,.09319149,.022553191,.015106383,.0014893617,.25031877,18,2,0,2.2705998,83.112198,16,0,0,0,Yes,No,No,No,02jul2026,infinity rate,exchange rate,inclusa,17,LA GENERACIÓN,https://arg-sales.com/remates/view/356,08-05-2025,11-05-2025
30,1,.045745436,.72034407,.78311789,.080470614,,.0449921611376609,-.037130669,-.061788686,.016642552,.13077597,10,7,.75,.66666669,0,0,0,0,0,0,0,0,2,0,1,0,0,0,0,0,0,0,0,0,0,2,2,0,14,.071428575,0,0,0,0,0,.1153529,812,8168,.16123898,.091332026,.025220372,.0091821747,.0024485798,.26668441,7,5,2,6.7871561,,0,90.719261,0,0,No,No,No,No,02jul2026,intervista,roman ruler,isidora,11,VACACIÓN,https://arg-sales.com/remates/view/348,20-04-2025,23-04-2025
269,1,.023711298,.58604586,.8102091,.049504984,,.0332774178761476,-.035373174,-.057764664,-.064951338,-.00023407862,16.065754,13,.75,1,0,5,1,1.7720389,0,0,0,0,6,0,5,1,32,.0625,0,0,0,0,0,4.280922306701541,.13377883,6,5,0,63,.12698413,.047619049,0,0,0,0,.15656622,812,8163,.16121525,.091387972,.025235821,.0091877989,.0024500797,.26663068,10,4,6,10.87183,81.63636,5,107.98376,4,.068965517,No,No,YES,YES,02jul2026,invocare,roman ruler,indonesia,34,VACACIÓN,https://arg-sales.com/remates/view/348,20-04-2025,23-04-2025
466,1,.014008434,.4250868,.7652142,.042616535,,0,-.10450647,-.061788686,-.014007874,-.086335242,6.8356166,5,1,1,0,1,0,0,0,0,0,0,1,0,0,0,0,0,0,0,0,0,0,0,0,10,3,0,22,.13636364,.045454547,0,0,0,0,.21455967,677,4534,.099029556,.067710631,.022937803,.0079400092,.0026466695,.1977129,3,2,0,1.9353261,49.504311,1,0,0,0,No,No,No,No,02jul2026,is ruby,treasure beach,rubia preciosa,15,ABOLENGO,https://arg-sales.com/remates/view/347,27-04-2025,30-04-2025
478,1,.01306707,.35362932,.75671995,.048295159,,0,-.074002944,-.02911105,-.046413451,-.056909483,5.8246574,1,0,0,0,13,1,1.9515088,0,0,0,0,0,0,0,0,0,0,0,0,0,0,0,0,0,8,5,3,105,.16190477,.21904762,.047619049,4,0,0,.28926438,351,941,.090329438,.049946863,.004250797,.004250797,0,.17214108,8,2,1,3.5492656,79.67794,13,0,0,0,No,No,No,No,02jul2026,isla tormentosa,long island sound,stormy mia,41,LA GENERACIÓN,https://arg-sales.com/remates/view/356,08-05-2025,11-05-2025
245,1,.024946041,.42769736,.76476067,.075731546,,.031407830222015,-.10450647,-.061788686,.17857568,-.0070289783,8.0876713,5,1,1,0,1,0,.096219935,0,0,0,0,1,0,0,0,0,0,0,0,0,0,0,0,0,6,4,2,24,.33333334,.41666666,.41666666,2,2,0,1.6296294,723,4338,.15099125,.14684187,.048870448,.017289074,.0053019826,.34043467,13,2,8,5.2892189,,1,0,0,0,No,No,No,No,02jul2026,joy romana,fortify,the rosy,8,LA GENERACIÓN,https://arg-sales.com/remates/view/356,08-05-2025,11-05-2025
325,1,.021400558,.33919433,.799312,.078353882,,.0414764768990538,.10747342,-.02911105,-.020726144,-.026109237,9.0164385,1,0,0,0,41,5,10.346111,4,1,0,0,0,0,0,0,0,0,0,0,0,0,0,0,0,3,1,0,11,.18181819,.090909094,0,0,0,0,.28011462,1256,10882,.11201985,.045763645,.0068002203,.0051461128,.00082705385,.16584189,27,6,5,9.7342844,112.4632,41,0,0,0,YES,Yes,No,No,02jul2026,kali mani,manipulator,kali woman,20,LA GENERACIÓN,https://arg-sales.com/remates/view/356,08-05-2025,11-05-2025
109,2,.034305204,.74159956,.78081113,.058813188,,0,-.071460985,-.02911105,-.017596561,.0096973442,4.9068494,1,0,0,0,12,1,1.0541289,0,0,0,0,0,0,0,0,0,0,0,0,0,0,0,0,0,11,6,2,81,.20987654,.28395063,.086419754,2,1,0,.44999129,231,648,.089506172,.066358022,.020061728,.0061728396,.0015432099,.21321374,15,2,6,3.4983037,84.524727,12,0,0,0,No,No,No,No,02jul2026,kastia,seahenge,kali marshal,2,VACACIÓN,https://arg-sales.com/remates/view/348,20-04-2025,23-04-2025
64,2,.038757954,.68981719,.82015687,.068113253,,.0355940781752836,-.04829143,.088820614,-.042169597,-.039282814,11.79452,10,.875,1,0,0,0,0,0,0,0,0,6,0,5,0,8,.25,0,0,0,0,0,1.624996513128281,.20312457,11,7,2,93,.19354838,.24731183,.07526882,2,1,0,.40326262,947,7922,.15602121,.098081291,.031052765,.0094673065,.0031557688,.26323804,15,2,6,3.4983037,,0,95.00145,0,0,No,No,No,No,02jul2026,keisha,easing along,kali marshal,36,VACACIÓN,https://arg-sales.com/remates/view/348,20-04-2025,23-04-2025
520,1,,.59816945,.76086831,,,.0411866000606876,.093766436,.13269663,.016642552,.11141618,14.00274,10,.625,.66666669,0,8,4,4.4953132,0,0,0,0,3,1,0,0,106,.16037735,.11320755,1,5,0,0,28.62107361294329,.27001011,6,3,0,16,.125,0,0,0,0,0,.16854696,812,8160,.16090687,.091421567,.025245098,.0091911769,.0024509805,.26639497,12,7,1,6.5322566,114.33455,8,0,0,0,No,No,No,No,02jul2026,l'parisienne,roman ruler,lady fortune,23,VACACIÓN,https://arg-sales.com/remates/view/348,20-04-2025,23-04-2025
407,1,.017037516,.3286424,.80901605,.063585646,,.032043824354682,-.058634546,-.061788686,.054483499,-.012951072,8.9068489,5,.66666669,.5,0,4,1,.45527795,0,0,0,0,0,0,0,0,0,0,0,0,0,0,0,0,0,8,6,2,84,.17857143,.26190478,.035714287,4,0,2,.43742827,523,4712,.14749576,.093166381,.022495756,.015067912,.0014855687,.24995413,22,4,7,5.65031,54.293823,4,0,0,0,No,No,No,No,02jul2026,la barra brava,exchange rate,la compadrada,36,LA GENERACIÓN,https://arg-sales.com/remates/view/356,08-05-2025,11-05-2025
483,1,.012948546,.31301197,.78308988,.052250635,,.042173490404366,-.037130669,-.061788686,-.0031298734,-.06572628,9.0054798,3,0,0,0,0,0,0,0,0,0,0,0,0,0,0,0,0,0,0,0,0,0,0,0,9,6,0,68,.16176471,.014705882,0,0,0,0,.19212814,1118,11086,.13954537,.067562692,.02029587,.0067652897,.0024355042,.23036316,0,0,0,0,,0,0,0,0,No,No,No,No,02jul2026,la bohem,pure prize,la bambollera,27,Fallow Latinoamericano,https://www.fallowremates.com/plataforma-remates/clientes/remates/listado/116,16-04-2025,16-04-2025
415,1,.016539844,.35756034,.80701625,.056820828,,.0338298654757567,-.032407232,-.02911105,-.014007874,-.064697355,5.0547943,1,0,0,0,11,2,1.4040494,0,0,0,0,0,0,0,0,0,0,0,0,0,0,0,0,0,3,1,0,4,0,0,0,0,0,0,.06328389,677,4524,.098806366,.067860298,.022988506,.00795756,.0026525198,.19783957,19,3,1,5.0333295,79.253784,11,0,0,0,No,No,No,No,02jul2026,la catriel,treasure beach,la sandunguera,38,Fallow Latinoamericano,https://www.fallowremates.com/plataforma-remates/clientes/remates/listado/116,16-04-2025,16-04-2025
107,1,.034359887,.77391827,.79213804,.055720452,,.0353079426813747,-.037130669,-.061788686,.03041463,-.078047991,8.0027399,5,1,1,0,0,0,0,0,0,0,0,1,0,0,0,0,0,0,0,0,0,0,0,0,9,8,2,98,.21428572,.23469388,.091836736,7,2,0,.31508455,855,5746,.1413157,.068917505,.017577445,.010790115,.0029585799,.2525678,2,1,1,1.9220364,,0,0,0,0,No,No,No,No,02jul2026,la colifa,hurricane cat,nut case,14,VACACIÓN,https://arg-sales.com/remates/view/348,20-04-2025,23-04-2025
487,1,.012673106,.35372654,.73896629,.048000108,,.0366751990336693,-.037130669,-.061788686,-.038778022,-.076387703,10.969863,7,.75,1,0,0,0,0,0,0,0,0,2,0,1,0,0,0,0,0,0,0,0,0,0,8,8,0,134,.11940298,.044776119,0,0,0,0,.19554371,93,442,.10180996,.036199097,.0067873304,.0045248871,0,.12621287,34,4,0,4.4788771,,0,35.251308,0,0,No,No,No,No,02jul2026,la migra,peer gynt,emigracion,26,Fallow Latinoamericano,https://www.fallowremates.com/plataforma-remates/clientes/remates/listado/116,16-04-2025,16-04-2025
338,1,.020324377,.65690124,.80679107,.038055852,,.0321260252895391,-.04829143,-.16141054,-.024285339,-.089197055,13.920547,12,.89999998,1,0,0,0,0,0,0,0,0,7,1,5,0,25,.039999999,0,0,0,0,0,1.657423095777631,.06629692,10,7,3,79,.2658228,.37974682,.11392405,7,3,2,.79758137,318,2242,.082515612,.020963425,.0049063335,.0017841213,0,.12592456,7,1,0,1.8128918,,0,95.240402,0,0,No,No,No,No,02jul2026,la musical,king's best,la balada,28,VACACIÓN,https://arg-sales.com/remates/view/348,20-04-2025,23-04-2025
499,1,.01193146,.32713041,.75527745,.047761977,,.0447784109414055,-.0048929602,-.050099812,-.032134183,-.086335242,14.942466,9,.85714287,1,0,15,6,6.4389911,0,0,0,0,5,0,3,1,73,.1780822,.02739726,0,0,0,0,14.27518499922007,.19555049,2,1,0,44,.045454547,0,0,0,0,0,.080732033,500,4397,.10052308,.035251308,.0059131226,.0034114169,.00022742779,.14957127,0,0,0,0,106.40045,15,116.96759,2,.064516127,No,No,YES,YES,02jul2026,la plus chic,the leopard,la dame,12,LA GENERACIÓN,https://arg-sales.com/remates/view/356,08-05-2025,11-05-2025
434,1,.016043307,.35389161,.76958299,.058316812,,0,-.10450647,-.02911105,.037113015,-.016264748,4.8328767,1,0,0,0,2,0,0,0,0,0,0,0,0,0,0,0,0,0,0,0,0,0,0,0,3,1,0,17,.23529412,.11764706,.05882353,0,0,0,.28857437,477,2803,.16339636,.088833392,.013556903,.014983946,.0010702818,.24826072,0,0,0,0,65.813408,2,0,0,0,No,No,No,No,02jul2026,la tromba,remote,la huracana,7,Fallow Latinoamericano,https://www.fallowremates.com/plataforma-remates/clientes/remates/listado/116,16-04-2025,16-04-2025
317,1,.021763971,.33456984,.77392787,.083229654,,0,.31809908,-.02911105,-.048196074,-.16593441,7.9424658,1,0,0,0,19,7,24.493851,13,3,3,1,0,0,0,0,0,0,0,0,0,0,0,0,0,8,4,0,60,.033333335,0,0,0,0,0,.048556421,317,2387,.079178885,.024298282,.0020946795,.0012568077,0,.11961098,1,0,0,0,111.95109,19,0,0,0,YES,YES,No,No,02jul2026,la validada,valid stripes,la subordinada,1,LA GENERACIÓN,https://arg-sales.com/remates/view/356,08-05-2025,11-05-2025
471,1,.013549531,.37017754,.74816513,.048399813,,0,-.037130669,-.061788686,-.020127442,-.086335242,4.9150686,3,1,0,0,0,0,0,0,0,0,0,0,0,0,0,0,0,0,0,0,0,0,0,0,3,1,0,16,.0625,0,0,0,0,0,.086352937,441,2486,.14561544,.081255026,.017699115,.0080450522,.0012067579,.23642953,0,0,0,0,,0,0,0,0,No,No,No,No,02jul2026,lady warranty,seÑor candy,purpura oro,18,Fallow Latinoamericano,https://www.fallowremates.com/plataforma-remates/clientes/remates/listado/116,16-04-2025,16-04-2025
412,1,.016775148,.40270332,.8323195,.049627431,,.0342605394213089,-.04829143,.078254275,-.046263248,-.17684165,11.926027,10,1,1,0,0,0,0,0,0,0,0,7,0,6,0,37,.16216215,0,0,0,0,0,5.970013335347176,.16135171,12,6,0,102,.098039217,.088235296,.029411765,0,0,0,.18520169,587,4846,.095749073,.033635989,.0086669419,.0030953363,.0012381346,.15294042,7,2,0,1.664691,,0,91.278641,1,.017857144,No,No,YES,No,02jul2026,lavanda fresca,asiatic boy,la fornarina,35,LA GENERACIÓN,https://arg-sales.com/remates/view/356,08-05-2025,11-05-2025
126,2,.03293819,.73747802,.80852115,.054860488,,0,-.016385183,-.02911105,-.011691269,-.086335242,6,1,0,0,0,9,2,1.4280808,0,0,0,0,0,0,0,0,0,0,0,0,0,0,0,0,0,6,4,0,56,.125,0,0,0,0,0,.12086531,1336,11658,.12317722,.067335732,.019042717,.0064333505,.0023160062,.21542822,0,0,0,0,92.022652,9,0,0,0,No,No,No,No,02jul2026,lluvia musical,catcher in the rye,la musical,4,VACACIÓN,https://arg-sales.com/remates/view/348,20-04-2025,23-04-2025
411,1,.016807778,.38769922,.77752376,.055185076,,.0405770229494077,-.025197312,-.061788686,-.020577438,-.030726582,8.032877,4,1,0,0,20,4,2.5532844,0,0,0,0,0,0,0,0,0,0,0,0,0,0,0,0,0,4,3,0,36,.16666667,.11111111,0,0,0,0,.22426759,335,1818,.10066006,.044554457,.009350935,.0082508251,.00110011,.17827763,11,4,3,5.4090648,98.086563,20,0,0,0,No,No,No,No,02jul2026,loriana,john f kennedy,look lovely,12,Fallow Latinoamericano,https://www.fallowremates.com/plataforma-remates/clientes/remates/listado/116,16-04-2025,16-04-2025
477,1,.013133793,.34313723,.77385741,.0490692,,.0236424362395795,-.067808926,-.061788686,-.0043194331,-.069424428,9.8575344,7,.60000002,.33333334,0,5,1,.5462516,0,0,0,0,2,0,0,0,0,0,0,0,0,0,0,0,0,14,11,0,130,.11538462,.0076923077,.0076923077,0,0,0,.12833665,406,2907,.12005504,.056759547,.012039904,.0085999314,.0024079808,.19227071,5,1,0,1.047775,79.353226,5,0,0,0,No,No,No,No,02jul2026,lucky zeta,zensational,rubia blonde,15,LA GENERACIÓN,https://arg-sales.com/remates/view/356,08-05-2025,11-05-2025
21,1,.047909308,.77439553,.77754211,.078925826,,.0398371749894782,-.038415499,-.061788686,.047487717,.098564908,9.8109589,7,1,1,0,6,1,1.2694912,0,0,0,0,3,0,1,0,0,0,0,0,0,0,0,0,0,14,10,2,109,.22935779,.18348624,.091743119,9,5,0,.46134758,812,8162,.16123499,.09139917,.025238913,.009188924,.0024503798,.26672491,6,2,2,2.8665428,91.632339,6,0,0,0,No,No,No,No,02jul2026,luna de tafi,roman ruler,la piradita,9,VACACIÓN,https://arg-sales.com/remates/view/348,20-04-2025,23-04-2025
473,1,.013423162,.35851222,.7907908,.046831805,,.0352377562108635,-.10450647,-.061788686,.031247955,-.086335242,6.8547945,4,1,0,0,2,0,0,0,0,0,0,0,0,0,0,0,0,0,0,0,0,0,0,0,11,9,2,93,.1827957,.24731183,.12903225,6,3,2,.46040121,677,4533,.099051401,.067725569,.022942863,.0079417601,.0026472535,.19775651,0,0,0,0,55.340096,2,0,0,0,No,No,No,No,02jul2026,mary's call,treasure beach,mary's luck,21,ABOLENGO,https://arg-sales.com/remates/view/347,27-04-2025,30-04-2025
479,1,.013066373,.36049092,.78155267,.045896202,,0,-.10450647,-.02911105,-.020577438,-.076940343,4.950685,1,0,0,0,10,0,.25108427,0,0,0,0,0,0,0,0,0,0,0,0,0,0,0,0,0,3,3,0,27,.074074075,0,0,0,0,0,.11396515,335,1828,.1022976,.044310723,.0092997812,.0082056895,.0010940919,.17856178,9,1,0,2.1415601,70.32489,10,0,0,0,No,No,No,No,02jul2026,more than friend,john f kennedy,mindy,33,ABOLENGO,https://arg-sales.com/remates/view/347,27-04-2025,30-04-2025
131,2,.032513194,.74913347,.82219464,.05244226,,0,-.051633693,-.02911105,.0011174791,-.086335242,4.9835615,1,0,0,0,15,2,1.9744515,0,0,0,0,0,0,0,0,0,0,0,0,0,0,0,0,0,6,4,0,50,.14,0,0,0,0,0,.12444173,855,5731,.14133659,.069097891,.017623451,.010818357,.0029663234,.25288433,0,0,0,0,90.973755,15,0,0,0,No,No,No,No,02jul2026,musica norteÑa,hurricane cat,la musical,18,VACACIÓN,https://arg-sales.com/remates/view/348,20-04-2025,23-04-2025
460,2,.01450967,.39934835,.78181624,.04603865,,.0429600972688099,-.037130669,-.061788686,-.019981656,-.10731498,7.9780822,5,1,1,0,0,0,0,0,0,0,0,2,0,1,0,0,0,0,0,0,0,0,0,0,9,8,1,92,.097826086,.10869565,0,2,0,1,.2957828,1482,8938,.16871783,.085253969,.027411055,.0083911391,.0038039831,.31465682,5,1,0,1.4205874,,0,0,0,0,No,No,No,No,02jul2026,muy independiente,equal stripes,muy aplaudida,13,ABOLENGO,https://arg-sales.com/remates/view/347,27-04-2025,30-04-2025
327,2,.021309715,.32758209,.76908761,.083725184,,.0377009409712628,-.064851895,.26721242,-.020548068,-.10731498,14.936986,11,.75,1,0,10,1,2.4254632,0,0,0,0,5,2,1,0,40,.15000001,.075000003,0,0,0,0,9.194202056154609,.22985505,9,7,1,82,.097560972,.12195122,0,2,0,1,.30227506,1482,8928,.1687948,.085349463,.027441757,.008400538,.0038082437,.31473759,5,1,0,1.4205874,84.590965,10,102.6953,0,0,No,No,No,No,02jul2026,muy premiada,equal stripes,muy aplaudida,26,ABOLENGO,https://arg-sales.com/remates/view/347,27-04-2025,30-04-2025
490,1,.012601494,.33749089,.7988863,.046253666,,.0358993442718786,-.10450647,-.02911105,-.0074375905,-.086335242,6.9232879,1,0,0,0,7,0,0,0,0,0,0,0,0,0,0,0,0,0,0,0,0,0,0,0,4,2,0,11,0,0,0,0,0,0,.012979356,406,2905,.12048193,.056798622,.012048192,.0086058518,.0024096386,.19259112,0,0,0,0,62.357384,7,0,0,0,No,No,No,No,02jul2026,myr alfa,zensational,mysterious angel,31,Fallow Latinoamericano,https://www.fallowremates.com/plataforma-remates/clientes/remates/listado/116,16-04-2025,16-04-2025
515,1,.0085390378,.35294157,.80489284,.029813072,,.0366279520533051,-.026592193,-.10510778,-.05164754,-.21036497,13.89589,11,.8888889,1,0,10,2,3.1463196,0,0,0,0,6,0,5,1,17,.11764706,0,0,0,0,0,1.565880285575986,.092110604,6,5,0,62,.12903225,.032258064,.016129032,0,0,0,.13637082,587,4836,.095533498,.03370554,.0086848633,.003101737,.0012406948,.15260607,23,3,2,5.7766781,100.79832,10,116.87695,6,.10526316,No,No,YES,YES,02jul2026,nabeela,asiatic boy,hahn,6,LA GENERACIÓN,https://arg-sales.com/remates/view/356,08-05-2025,11-05-2025
32,2,.045620896,.77888662,.81917888,.071157381,,.0402065562181087,-.060445827,-.061788686,.049845327,.051746856,9.8520546,6,1,1,0,9,1,1.5825911,0,0,0,0,2,0,2,0,0,0,0,0,0,0,0,0,0,8,8,1,91,.18681319,.32967034,.15384616,5,1,2,.52659023,133,1317,.1017464,.069096431,.02126044,.0060744113,.0037965071,.22517738,18,4,5,6.6635823,86.989014,9,65.415367,0,0,No,No,No,No,02jul2026,nashville femme,campanologist,nashville moon,20,VACACIÓN,https://arg-sales.com/remates/view/348,20-04-2025,23-04-2025
166,1,.029850505,.42684081,.83005232,.083798818,,.0379432462556137,.11088853,-.061788686,.054488774,-.03312676,8.9808216,5,1,1,0,13,4,7.0715504,3,1,0,0,1,0,0,0,0,0,0,0,0,0,0,0,0,6,6,0,75,.18666667,.12,.013333334,0,0,0,.24471213,523,4703,.14714013,.092706785,.022538805,.014884116,.0014884117,.24902564,0,0,0,0,100.64918,13,0,0,0,YES,YES,No,No,02jul2026,nemmesis,exchange rate,nor'easter kate,5,LA GENERACIÓN,https://arg-sales.com/remates/view/356,08-05-2025,11-05-2025
469,1,.013648263,.33524749,.77487832,.052177142,,.0393398070962821,-.037130669,-.02911105,-.016016752,-.096041106,5.7287669,1,0,0,0,0,0,0,0,0,0,0,0,0,0,0,0,0,0,0,0,0,0,0,0,2,0,0,0,0,0,0,0,0,0,0,1482,8938,.16871783,.085253969,.027411055,.0083911391,.0038039831,.31465682,9,3,0,1.984939,,0,0,0,0,No,No,No,No,02jul2026,not for stripes,equal stripes,not for tap,1,Fallow Latinoamericano,https://www.fallowremates.com/plataforma-remates/clientes/remates/listado/116,16-04-2025,16-04-2025
75,1,.037352379,.59864795,.80534047,.076865822,,.028188085349484,-.021182096,.33023888,-.062440224,-.21507841,17.950686,14,1,1,0,24,4,8.9033928,1,0,0,0,10,1,9,0,88,.18181819,.25,4,3,0,2,37.19925123639405,.42271876,7,5,0,46,.15217391,0,0,0,0,0,.2187964,1110,11271,.1178245,.056073107,.014284447,.0066542453,.0017744654,.20142889,4,1,0,.90424299,116.13463,24,104.00105,1,.0087719299,Yes,No,YES,YES,02jul2026,not for touch,not for sale,inyectable,32,VACACIÓN,https://arg-sales.com/remates/view/348,20-04-2025,23-04-2025
482,1,.012976842,.3586022,.77417386,.046210341,,.0278753067231524,-.058634546,-.061788686,-.035176903,-.072242901,9.9287672,7,.75,.66666669,0,4,1,.90918738,0,0,0,0,2,0,1,0,0,0,0,0,0,0,0,0,0,7,4,0,39,.1025641,.051282052,0,0,0,0,.10012159,383,2853,.091132142,.032947775,.0035050823,.0035050823,0,.12299758,18,3,0,4.5667691,76.855057,4,0,0,0,No,No,No,No,02jul2026,operacion praga,most improved,la katlyn,17,Fallow Latinoamericano,https://www.fallowremates.com/plataforma-remates/clientes/remates/listado/116,16-04-2025,16-04-2025
452,1,.015141104,.35488841,.79904544,.052848082,,.0344350243828488,-.047857068,-.061788686,-.0083722249,-.051299985,8.9945202,3,1,0,0,7,1,.83834803,0,0,0,0,0,0,0,0,0,0,0,0,0,0,0,0,0,11,6,0,59,.22033899,.050847456,0,0,0,0,.26760057,944,7937,.11918861,.05190878,.011339297,.0071815546,.00062996097,.17921163,0,0,0,0,76.199722,7,0,0,0,No,No,No,No,02jul2026,oriental liz,lizard island,reprisa,12,ABOLENGO,https://arg-sales.com/remates/view/347,27-04-2025,30-04-2025
488,1,.012649935,.32320273,.7489357,.051685385,,0,-.037130669,-.02911105,-.020577438,-.086335242,5.8767123,1,0,0,0,0,0,0,0,0,0,0,0,0,0,0,0,0,0,0,0,0,0,0,0,2,1,0,2,0,0,0,0,0,0,.029168367,335,1838,.10174102,.04406964,.0092491843,.0081610447,.0010881393,.17772688,4,1,0,2.0315194,,0,0,0,0,No,No,No,No,02jul2026,osada soy,john f kennedy,oriental bay,32,ABOLENGO,https://arg-sales.com/remates/view/347,27-04-2025,30-04-2025
94,1,.035355069,.35019946,.82640451,.12121809,,0,.29561055,-.02911105,-.010029268,.035730112,6.8191781,1,0,0,0,27,5,13.8088,17,2,0,0,0,0,0,0,0,0,0,0,0,0,0,0,0,6,4,0,37,.13513513,0,0,0,0,0,.12628496,944,7917,.11898446,.049892638,.010989011,.0069470759,.00063155236,.17802605,5,2,0,1.8358948,113.42728,27,0,0,0,YES,YES,No,No,02jul2026,paliza salvaje,lizard island,paloma blanca,13,LA GENERACIÓN,https://arg-sales.com/remates/view/356,08-05-2025,11-05-2025
501,1,.011702314,.38029289,.71513504,.042585772,,.0436628538445802,-.10450647,-.061788686,-.011691269,-.086335242,10.961644,8,.80000001,1,0,2,0,0,0,0,0,0,3,1,0,0,0,0,0,0,0,0,0,0,0,3,2,0,28,.14285715,0,0,0,0,0,.13166456,1336,11665,.12327475,.067295328,.01903129,.0064294897,.0023146165,.21542136,5,0,0,.65365213,53.066689,2,0,0,0,No,No,No,No,02jul2026,palma del rio,catcher in the rye,storm palm,11,Fallow Latinoamericano,https://www.fallowremates.com/plataforma-remates/clientes/remates/listado/116,16-04-2025,16-04-2025
359,1,.019355578,.40921435,.80415368,.058346372,,.0369372626476504,-.024181167,-.10395595,.056131352,-.046100531,11.830137,8,1,1,0,9,2,1.9977031,0,0,0,0,4,0,3,0,23,.043478262,0,0,0,0,0,3.638531548902392,.15819703,10,4,1,54,.22222222,.31481481,.14814815,1,1,0,.47890726,971,9051,.11125842,.057120759,.0097226826,.0081758918,.00088388025,.17347462,8,3,4,5.1913114,93.523773,9,94.366005,1,.047619049,No,No,YES,No,02jul2026,panamericana,grand reward,panacea,16,LA GENERACIÓN,https://arg-sales.com/remates/view/356,08-05-2025,11-05-2025
295,1,.022731679,.35052904,.79465717,.081001386,,.034131054209697,-.04829143,-.061788686,.035476442,.14362825,10.8,9,.71428573,.66666669,0,0,0,0,0,0,0,0,4,0,3,0,0,0,0,0,0,0,0,0,0,7,5,1,54,.14814815,.12962963,.037037037,1,0,0,.24768001,541,5437,.12304579,.070995033,.013610447,.010483722,.00073569984,.19817306,18,10,15,18.199568,,0,91.777199,0,0,No,No,No,No,02jul2026,peinadora nistel,van nistelrooy,bouclette gulch,29,LA GENERACIÓN,https://arg-sales.com/remates/view/356,08-05-2025,11-05-2025
521,1,,.37207428,.76282358,,,.0304414633142187,-.047857068,-.0097316392,.0024899803,-.1242258,10.928767,6,.75,.66666669,0,14,2,1.1627703,0,0,0,0,2,0,0,0,29,.10344828,0,0,0,0,0,4.368733027018607,.15064597,7,4,1,46,.26086956,.10869565,.065217391,1,0,1,.40146771,1482,8924,.16875841,.085387722,.027454056,.0084043033,.0038099508,.31502017,1,0,0,0,77.360954,14,0,0,0,No,No,No,No,02jul2026,poker girl,equal stripes,poker lady,17,ABOLENGO,https://arg-sales.com/remates/view/347,27-04-2025,30-04-2025
451,1,.015150242,.36569771,.77697504,.052791424,,.0358240685289794,.041158885,-.10580482,-.011691269,-.086335242,13.79726,9,.83333331,1,0,35,4,11.256819,8,0,0,0,4,0,2,0,20,.25,.1,0,1,0,0,7.172262592241168,.35861313,7,5,0,57,.03508772,0,0,0,0,0,.048938077,1336,11632,.12328061,.066798486,.019085282,.0064477306,.002321183,.21506478,2,0,0,0,111.63093,35,77.588989,0,0,YES,Yes,No,No,02jul2026,potra catch,catcher in the rye,potra pura,27,LA GENERACIÓN,https://arg-sales.com/remates/view/356,08-05-2025,11-05-2025
343,1,.020077316,.34314764,.80438691,.072103247,,.0447805985216258,-.041893981,-.02911105,.0060425885,.065766819,7.0602741,1,0,0,0,19,3,2.721678,0,0,0,0,0,0,0,0,0,0,0,0,0,0,0,0,0,4,3,1,13,.23076923,.23076923,.15384616,1,0,0,.68008864,397,3692,.086944744,.033586133,.0081256768,.0013542796,.0010834236,.13778621,16,3,0,3.2754369,92.557549,19,0,0,0,No,No,No,No,02jul2026,princesa aslaug,sixties icon,princess juliana,39,LA GENERACIÓN,https://arg-sales.com/remates/view/356,08-05-2025,11-05-2025
259,1,.024029745,.28207725,.78471202,.10768387,,.042123372356838,-.038415499,.25401339,.059998911,-.057439033,14.99726,12,.60000002,.66666669,0,6,1,.99738663,0,0,0,0,5,0,2,0,99,.16161616,.13131313,5,0,0,0,24.93478585034609,.25186652,6,6,2,66,.34848484,.59090906,.18181819,14,0,4,.91520536,1118,11080,.13953069,.067599282,.020306859,.0067689531,.0024368232,.23039789,4,1,1,1.3399014,91.804359,6,99.858665,0,0,No,No,No,No,02jul2026,pura pura,pure prize,forty purist,8,Fallow Latinoamericano,https://www.fallowremates.com/plataforma-remates/clientes/remates/listado/116,16-04-2025,16-04-2025
519,1,,.37126786,.77546376,,,.0156592981560867,.017818667,.19897309,.017621066,.078667469,10.939726,7,.80000001,.66666669,0,3,2,1.1802076,0,0,0,0,3,1,0,0,61,.16393442,.14754099,1,0,0,0,19.26535220816731,.31582543,11,8,1,82,.085365854,.036585364,.012195121,1,0,1,.17768998,812,8165,.16105327,.091365583,.025229638,.0091855479,.0024494794,.26663783,4,3,3,5.4910235,66.55407,3,0,0,0,No,No,No,No,02jul2026,realidad romana,roman ruler,realize,6,Fallow Latinoamericano,https://www.fallowremates.com/plataforma-remates/clientes/remates/listado/116,16-04-2025,16-04-2025
88,1,.036221214,.73570818,.78210741,.062487289,,.0330571760346006,-.037130669,-.02911105,.025535215,-.041576069,4.0219178,1,0,0,0,0,0,0,0,0,0,0,0,0,0,0,0,0,0,0,0,0,0,0,0,2,0,0,0,0,0,0,0,0,0,0,723,4339,.15095644,.14680801,.048859183,.017285088,.0053007607,.34037837,9,3,2,3.4795794,,0,0,0,0,No,No,No,No,02jul2026,reir sin parar,fortify,reina del romance,15,VACACIÓN,https://arg-sales.com/remates/view/348,20-04-2025,23-04-2025
23,2,.047660962,.76113284,.81750202,.076098457,,.0404402105349878,-.038415499,-.061788686,.019322898,.10701422,10.813699,6,1,1,0,12,2,3.1581023,0,0,0,0,2,0,1,0,0,0,0,0,0,0,0,0,0,11,8,1,122,.12295082,.081967212,.016393442,3,0,0,.2228522,812,8156,.161231,.091466404,.025257479,.0091956845,.0024521824,.26668957,0,0,0,0,89.820786,12,84.351517,0,0,No,No,No,No,02jul2026,rigoletta,roman ruler,royal cup,7,VACACIÓN,https://arg-sales.com/remates/view/348,20-04-2025,23-04-2025
45,2,.043254133,.72681808,.77818346,.075926133,,.0365988708894697,-.037130669,-.061788686,.019168343,.10701422,9.8109589,8,1,1,0,0,0,0,0,0,0,0,3,0,1,0,0,0,0,0,0,0,0,0,0,11,9,1,134,.12686567,.074626863,.014925373,3,0,0,.22646321,812,8168,.16123898,.091332026,.025220372,.0091821747,.0024485798,.26668441,0,0,0,0,,0,89.492157,0,0,No,No,No,No,02jul2026,romancina,roman ruler,royal cup,22,VACACIÓN,https://arg-sales.com/remates/view/348,20-04-2025,23-04-2025
233,1,.025613945,.29455525,.82917315,.10419766,,.0386526385160256,-.064851895,.053605847,-.011767481,.22188632,12.021917,8,.5,.33333334,0,10,1,1.9944808,0,0,0,0,2,0,1,0,18,.11111111,0,0,0,0,0,2.348761611618102,.13048676,11,8,1,130,.11538462,.030769231,.023076924,1,0,1,.15577635,529,4407,.099160425,.041978672,.0097572049,.005899705,.0013614704,.17076647,28,13,24,34.823277,88.988167,10,88.925629,0,0,No,No,No,No,02jul2026,saragossa star,jump start,saragosse,19,LA GENERACIÓN,https://arg-sales.com/remates/view/356,08-05-2025,11-05-2025
512,1,.010017475,.30227041,.8078295,.040776659,,.0357196341465169,.0059272349,-.0090653338,-.048526421,-.22432649,13.810959,12,.69999999,.66666669,0,6,2,3.3679144,2,1,0,0,6,0,4,1,111,.090090089,.036036037,0,0,0,0,14.24178327992558,.12830435,9,4,0,39,.07692308,.1025641,.025641026,0,0,0,.19645341,762,4024,.10735586,.039015904,.0086978134,.0062127234,.0012425447,.15607655,0,0,0,0,100.22438,6,117.98161,4,.11428571,YES,No,YES,YES,02jul2026,sembladita,emperor richard,sembladora,4,LA GENERACIÓN,https://arg-sales.com/remates/view/356,08-05-2025,11-05-2025
397,1,.01739643,.32179952,.83451349,.064324997,,.0413932796381092,-.047857068,-.02911105,.0063442849,-.0022917651,6.9780822,2,0,0,0,14,2,3.504914,0,0,0,0,0,0,0,0,0,0,0,0,0,0,0,0,0,6,5,0,61,.1147541,0,0,0,0,0,.13661499,947,7908,.15604451,.098254934,.031107739,.0094840666,.0031613556,.26326087,15,4,1,5.6042728,107.84736,14,0,0,0,No,No,No,No,02jul2026,senora catalana,easing along,senora saeki,20,Fallow Latinoamericano,https://www.fallowremates.com/plataforma-remates/clientes/remates/listado/116,16-04-2025,16-04-2025
516,1,.0082370853,.27509031,.78442132,.037775423,,.0317553871881736,-.038428139,-.027235318,-.055841118,-.19261877,16.89315,13,.72727275,1,0,11,1,2.1554806,0,0,0,0,7,0,5,0,31,.16129032,.064516127,0,1,0,0,5.768946340307593,.18609504,13,10,1,151,.15231788,.046357617,.019867551,1,0,0,.22155212,1482,8927,.16881371,.085359022,.02744483,.0084014786,.0038086702,.31480309,0,0,0,0,89.999176,11,110.64158,0,0,No,No,No,No,02jul2026,shake it out,equal stripes,shy ventajera,2,Fallow Latinoamericano,https://www.fallowremates.com/plataforma-remates/clientes/remates/listado/116,16-04-2025,16-04-2025
504,1,.01141447,.3462584,.74126023,.043949354,,0,-.053587839,-.02911105,-.055597868,-.11365654,6.9945207,1,0,0,0,31,3,7.9689775,1,0,0,0,0,0,0,0,0,0,0,0,0,0,0,0,0,2,1,0,18,.16666667,0,0,0,0,0,.10028338,145,506,.077075101,.023715414,0,0,0,.10669389,8,1,0,.99928999,94.877838,31,0,0,0,YES,YES,No,No,02jul2026,shana tova,sir winsalot,paellera,14,Fallow Latinoamericano,https://www.fallowremates.com/plataforma-remates/clientes/remates/listado/116,16-04-2025,16-04-2025
225,1,.025843805,.31814423,.817267,.098580852,,.0350515392554506,-.04829143,.30241451,-.047523752,-.03312676,16.019178,13,1,1,0,1,0,0,0,0,0,0,9,0,6,0,62,.20967741,.32258064,0,7,0,0,19.49265244044363,.31439763,12,9,1,116,.22413793,.15517241,.043103449,1,0,0,.33432534,1293,13516,.17542173,.14545724,.04912696,.0055489792,.0068067475,.30570841,0,0,0,0,61.076145,1,95.716576,0,0,No,No,No,No,02jul2026,she is cute,southern halo,she's my lady,40,LA GENERACIÓN,https://arg-sales.com/remates/view/356,08-05-2025,11-05-2025
142,1,.031872135,.77737921,.74137789,.054917369,,.035306810229014,-.043343902,-.061788686,.043801162,-.086335242,6.8520546,4,1,0,0,3,1,.54151136,0,0,0,0,1,0,0,0,0,0,0,0,0,0,0,0,0,14,11,2,117,.18803419,.1965812,.07692308,5,2,1,.39388135,74,374,.14438502,.12834224,.029411765,.018716577,.0053475937,.27242681,0,0,0,0,74.278374,3,0,0,0,No,No,No,No,02jul2026,sin escalas,war command,stellify,10,VACACIÓN,https://arg-sales.com/remates/view/348,20-04-2025,23-04-2025
294,1,.022738077,.46768433,.79291844,.060754463,,.0192003275529454,-.01215546,.13734463,-.062153898,-.15496586,18.863014,15,.63636363,.33333334,0,12,2,2.5322452,2,0,0,0,7,0,5,0,98,.15306123,.081632651,2,0,0,0,20.65264873951674,.21074131,11,9,1,147,.14965986,.040816326,.0068027209,2,0,1,.23729154,1137,10201,.12479169,.063915305,.018233506,.0063719242,.0016665033,.17906258,0,0,0,0,96.764801,12,104.96922,0,0,YES,YES,No,No,02jul2026,sola per te,interprete,solamente tu,35,VACACIÓN,https://arg-sales.com/remates/view/348,20-04-2025,23-04-2025
433,1,.016045954,.38159671,.81974667,.050769508,,.0370733829778211,-.076181769,-.061788686,.018177379,-.062176935,10.090411,6,.75,.66666669,0,14,1,1.5834504,0,0,0,0,2,1,0,0,0,0,0,0,0,0,0,0,0,11,9,0,95,.15789473,.18947369,.073684208,0,0,0,.30162296,1336,11653,.12331589,.067364626,.019050889,.0064361109,.0023169999,.21550733,7,2,0,1.8061304,90.509987,14,0,0,0,No,No,No,No,02jul2026,sonrisa rye,catcher in the rye,forty sobria,9,LA GENERACIÓN,https://arg-sales.com/remates/view/356,08-05-2025,11-05-2025
194,1,.027662767,.39376003,.75769508,.091848783,,.0328879314407849,.090391621,.031873152,-.012331326,.05899309,12.00548,8,.83333331,1,0,12,4,6.8676038,5,0,0,0,5,1,1,1,5,.2,0,0,0,0,0,1.033044448122382,.20660889,12,8,0,84,.13095239,.047619049,.011904762,0,0,0,.19668083,529,4405,.098524407,.040862657,.0097616343,.0059023835,.0013620885,.16973774,10,4,5,5.1207757,117.28181,12,121.91444,4,.33333334,Yes,Yes,YES,YES,02jul2026,spacial girl,jump start,spice girl,2,LA GENERACIÓN,https://arg-sales.com/remates/view/356,08-05-2025,11-05-2025
370,1,.018930938,.40007836,.81505692,.057613142,,.0351815186334604,-.022454921,-.031951606,-.036975894,-.03312676,11.865753,9,1,1,0,5,2,1.1603099,0,0,0,0,4,0,3,0,12,.083333336,0,0,0,0,0,.894066596403718,.074505553,6,1,0,18,.11111111,0,0,0,0,0,.13235645,756,5864,.10163711,.036834925,.0069918144,.003069577,.00034106412,.14742061,0,0,0,0,87.440826,5,86.251915,1,.0625,No,No,YES,No,02jul2026,spin the bottle,sunray spirit,sherry spinner,16,ABOLENGO,https://arg-sales.com/remates/view/347,27-04-2025,30-04-2025
330,1,.020829421,.73502249,.7890048,.035675831,,.0336166965795341,-.10450647,-.02911105,-.025089527,-.18053244,6.0109587,1,0,0,0,5,0,.26296213,0,0,0,0,0,0,0,0,0,0,0,0,0,0,0,0,0,10,6,0,44,.13636364,0,0,0,0,0,.20281304,282,1479,.12981744,.053414468,.0087897228,.0074374578,.00067613251,.20678566,0,0,0,0,72.848724,5,0,0,0,No,No,No,No,02jul2026,spring dark,in the dark,spring club,38,VACACIÓN,https://arg-sales.com/remates/view/348,20-04-2025,23-04-2025
399,1,.017302319,.37036794,.76387519,.060640957,,.0422153537881688,-.10450647,-.061788686,-.019657869,.087484404,9.9589043,7,.60000002,.66666669,0,4,0,.52031153,0,0,0,0,3,0,1,0,0,0,0,0,0,0,0,0,0,7,4,0,30,.2,0,0,0,0,0,.25977498,457,3944,.11688641,.045638945,.013691683,.0053245435,.0007606491,.16733648,7,5,6,40.359356,82.319313,4,85.695084,0,0,No,No,No,No,02jul2026,spring dubai,e dubai,southern spring,23,LA GENERACIÓN,https://arg-sales.com/remates/view/356,08-05-2025,11-05-2025
73,1,.037386402,.69062877,.79842842,.067289181,,.0351972388087705,.18741439,-.1159196,-.0016408265,-.11221372,12.013699,8,.83333331,1,0,13,4,8.3396044,5,0,0,0,4,0,2,0,41,.12195122,.073170729,0,1,0,0,6.78873492591083,.1655789,5,4,1,60,.2,.083333336,.016666668,2,0,0,.26406503,1064,9891,.12930948,.059650186,.0064705289,.007582651,.00030330603,.19577298,0,0,0,0,107.05618,13,82.357727,0,0,YES,YES,No,No,02jul2026,sumailla,sebi halo,bellrose,21,VACACIÓN,https://arg-sales.com/remates/view/348,20-04-2025,23-04-2025
93,1,.035640776,.75669634,.70980972,.065804519,,0,.078981228,-.061788686,.018386733,-.086335242,6.8328767,3,1,0,0,1,1,.96910757,0,0,0,0,0,0,0,0,0,0,0,0,0,0,0,0,0,8,6,0,45,.22222222,.022222223,0,0,0,0,.21910352,74,376,.14361702,.12765957,.029255319,.018617021,.0053191488,.26984054,0,0,0,0,92.593674,1,0,0,0,No,No,No,No,02jul2026,tamborea,war command,tarabela,17,VACACIÓN,https://arg-sales.com/remates/view/348,20-04-2025,23-04-2025
449,1,.015200643,.36239612,.79397506,.052282065,,0,-.067179129,-.061788686,-.0053831898,-.03312676,9.871233,5,.66666669,.5,0,32,2,4.3502054,1,0,0,0,1,0,0,0,0,0,0,0,0,0,0,0,0,7,5,0,47,.14893617,.021276595,.021276595,0,0,0,.13401951,677,4503,.099267155,.067954697,.023095714,.0079946704,.0026648901,.19810794,0,0,0,0,98.801659,32,0,0,0,Yes,No,No,No,02jul2026,tapones de punta,treasure beach,dixie mariposa,42,LA GENERACIÓN,https://arg-sales.com/remates/view/356,08-05-2025,11-05-2025
313,1,.021815583,.61059338,.7902115,.044816721,,.0268181064976878,-.04829143,-.061788686,-.046173185,-.086335242,16.789042,14,.90909094,1,0,0,0,0,0,0,0,0,9,1,7,0,4,0,0,0,0,0,0,.0422560982406139,.010564025,7,5,2,52,.28846154,.15384616,.057692308,3,1,1,.63012975,318,2242,.082515612,.020963425,.0049063335,.0017841213,0,.12592456,0,0,0,0,,0,99.669411,1,.021739131,No,No,YES,No,02jul2026,tarabela,king's best,trilogica,29,VACACIÓN,https://arg-sales.com/remates/view/348,20-04-2025,23-04-2025
20,1,.048570499,.74771357,.78665298,.082015693,,0,.062605292,-.02911105,.025535215,.0077624209,6.0027399,1,0,0,0,20,4,7.4458704,7,0,0,0,0,0,0,0,0,0,0,0,0,0,0,0,0,4,1,0,3,0,.33333334,0,0,0,0,.015299072,723,4319,.15072933,.14586709,.049085438,.017365132,.0053253067,.34023058,13,3,9,8.0015488,106.31328,20,0,0,0,YES,YES,No,No,02jul2026,tarde libre,fortify,timberline,1,VACACIÓN,https://arg-sales.com/remates/view/348,20-04-2025,23-04-2025
410,1,.016917603,.34139863,.81213772,.060484309,,.0431248018599204,-.039090462,-.061788686,.011640731,-.0014962889,9.9452057,6,.5,.33333334,0,15,2,2.3957729,1,0,0,0,1,1,0,0,0,0,0,0,0,0,0,0,0,8,4,1,62,.16129032,.12903225,.096774191,2,2,0,.60115188,457,3933,.11670481,.04551233,.013729977,.0053394358,.00076277653,.16732763,8,2,0,1.6837995,94.737144,15,0,0,0,Yes,Yes,No,No,02jul2026,tia lucinda,e dubai,heaven to sally,18,LA GENERACIÓN,https://arg-sales.com/remates/view/356,08-05-2025,11-05-2025
146,2,.031590302,.76185602,.79434067,.051839586,,0,-.10450647,-.061788686,-.018159699,.012772452,5.8904109,3,1,0,0,2,0,0,0,0,0,0,0,0,0,0,0,0,0,0,0,0,0,0,0,10,5,1,62,.16129032,.14516129,.016129032,1,0,0,.27854937,1575,9965,.17029604,.095333666,.022478675,.0075263423,.0028098344,.28568044,16,3,3,6.1988297,61.302986,2,0,0,0,No,No,No,No,02jul2026,tierra fantastica,orpen,timbrera,12,VACACIÓN,https://arg-sales.com/remates/view/348,20-04-2025,23-04-2025
226,2,.025835693,.79747951,.74787974,.042963646,,0,-.037130669,-.061788686,-.024042312,-.13981682,6.8958902,5,1,1,0,0,0,0,0,0,0,0,2,0,0,0,0,0,0,0,0,0,0,0,0,10,6,1,64,.15625,.140625,.015625,1,0,0,.26984471,282,1484,.12938005,.053234503,.0087601077,.0074123987,.00067385443,.20626613,16,3,3,6.1988297,,0,0,0,0,No,No,No,No,02jul2026,time to relax,in the dark,timbrera,16,VACACIÓN,https://arg-sales.com/remates/view/348,20-04-2025,23-04-2025
309,1,.022026565,.33360076,.79962939,.081912592,,.0382247755503088,-.04829143,.015400201,.031972159,.058754195,13.038356,11,.85714287,.66666669,0,0,0,0,0,0,0,0,5,0,3,0,16,.125,0,0,0,0,0,3.097413819283247,.19358836,12,9,1,43,.18604651,.1627907,.046511628,2,0,1,.33422205,812,8168,.16123898,.091332026,.025220372,.0091821747,.0024485798,.26668441,6,1,1,1.0418481,,0,92.582779,0,0,No,No,Yes,No,02jul2026,toda una bailarina,roman ruler,tough dancer,33,LA GENERACIÓN,https://arg-sales.com/remates/view/356,08-05-2025,11-05-2025
149,2,.031375695,.7802009,.75052965,.053024288,,.0404584857642826,-.10450647,-.061788686,.035309415,-.016264748,8.8876715,5,.66666669,1,0,3,0,.16832323,0,0,0,0,2,0,0,0,0,0,0,0,0,0,0,0,0,8,6,1,89,.14606741,.22471911,.067415729,1,0,0,.43867227,477,2802,.16345468,.088865094,.013561741,.014989293,.0010706638,.24828924,0,0,0,0,83.31324,3,0,0,0,No,No,No,No,02jul2026,torlonia,remote,tancreda,8,VACACIÓN,https://arg-sales.com/remates/view/348,20-04-2025,23-04-2025
493,1,.012496524,.32149598,.75613421,.050840084,,0,-.037130669,-.02911105,-.016016752,-.099027738,6.9726028,1,0,0,0,0,0,0,0,0,0,0,0,0,0,0,0,0,0,0,0,0,0,0,0,4,3,0,16,.0625,0,0,0,0,0,.092854105,1482,8938,.16871783,.085253969,.027411055,.0083911391,.0038039831,.31465682,10,2,1,2.8480446,,0,0,0,0,No,No,No,No,02jul2026,tormenta rabiosa,equal stripes,dia de tormenta,29,Fallow Latinoamericano,https://www.fallowremates.com/plataforma-remates/clientes/remates/listado/116,16-04-2025,16-04-2025
185,1,.028498199,.76129603,.77814186,.047723118,,.0364519113023031,-.037130669,-.061788686,-.016016752,-.085792132,4.9397259,3,1,0,0,0,0,0,0,0,0,0,0,0,0,0,0,0,0,0,0,0,0,0,0,2,0,0,0,0,0,0,0,0,0,0,1482,8938,.16871783,.085253969,.027411055,.0083911391,.0038039831,.31465682,11,5,0,3.9772809,,0,0,0,0,No,No,No,No,02jul2026,tras las rejas,equal stripes,trasparenza,25,VACACIÓN,https://arg-sales.com/remates/view/348,20-04-2025,23-04-2025
421,1,.01631414,.36447838,.77513117,.057214133,,.0438985315956449,-.037130669,.039112158,.0032861158,-.1242258,11.767123,10,.71428573,1,0,0,0,0,0,0,0,0,4,0,2,0,7,.14285715,.2857143,0,1,0,0,2.631550598889589,.37593579,7,4,0,42,.14285715,.095238097,.047619049,0,0,0,.2608974,1482,8938,.16871783,.085253969,.027411055,.0083911391,.0038039831,.31465682,4,0,0,.31048387,,0,76.052467,0,0,No,No,No,No,02jul2026,tuneada,equal stripes,tesalica,18,ABOLENGO,https://arg-sales.com/remates/view/347,27-04-2025,30-04-2025
446,1,.015293969,.36988142,.78523177,.052146688,,.0392117551287064,-.037130669,-.061788686,-.011691269,-.058150552,5.8465753,3,1,0,0,0,0,0,0,0,0,0,0,0,0,0,0,0,0,0,0,0,0,0,0,3,1,0,2,0,0,0,0,0,0,.082782514,1336,11667,.12325362,.067283794,.019028028,.0064283879,.0023142195,.21538444,6,2,0,1.9662467,,0,0,0,0,No,No,No,No,02jul2026,twist life,catcher in the rye,twist night,5,Fallow Latinoamericano,https://www.fallowremates.com/plataforma-remates/clientes/remates/listado/116,16-04-2025,16-04-2025
355,1,.019414442,.37142608,.83482552,.062281374,,.0379139575840964,-.0076053645,.013123803,-.046257786,-.05149984,13.805479,9,1,1,0,8,3,3.1875503,0,0,0,0,4,0,4,0,48,.125,0,0,0,0,0,7.327796435914934,.15266243,12,8,0,140,.17142858,.15714286,.042857144,0,0,0,.26537776,353,4538,.11679154,.065226972,.018730719,.0061701192,.0013221684,.21951009,5,1,0,1.0576923,104.28509,8,97.400429,0,0,No,No,Yes,No,02jul2026,vaga inc,include,la vagoneta,30,LA GENERACIÓN,https://arg-sales.com/remates/view/356,08-05-2025,11-05-2025
465,1,.014067856,.35036376,.76188421,.052129876,,0,-.0002193898,-.061788686,-.020577438,-.086335242,7.8575344,5,.33333334,.5,0,4,2,1.4407346,1,0,0,0,1,0,0,0,0,0,0,0,0,0,0,0,0,7,4,0,15,.13333334,0,0,0,0,0,.13394231,335,1834,.10087241,.043620501,.0092693567,.0081788441,.0010905125,.17732893,0,0,0,0,88.809296,4,0,0,0,Yes,No,No,No,02jul2026,valid reason,john f kennedy,valid choice,27,ABOLENGO,https://arg-sales.com/remates/view/347,27-04-2025,30-04-2025
508,1,.01064431,.36580187,.75640219,.03804794,,0,-.10450647,-.02911105,-.049930312,-.13642976,3.9178083,1,0,0,0,2,0,0,0,0,0,0,0,0,0,0,0,0,0,0,0,0,0,0,0,4,3,0,52,.07692308,0,0,0,0,0,.15245129,138,384,.0859375,.013020833,.0026041667,.0026041667,0,.12291321,12,1,0,2.5274527,9.7407703,2,0,0,0,No,No,No,No,02jul2026,veni moi,el moises,vengan a ver,42,Fallow Latinoamericano,https://www.fallowremates.com/plataforma-remates/clientes/remates/listado/116,16-04-2025,16-04-2025
197,1,.027168252,.35346732,.81540167,.093732022,,.038863639390019,.1659365,-.02911105,.0002027154,-.0056451149,5.9808221,1,0,0,0,21,3,8.2586727,8,1,0,0,0,0,0,0,0,0,0,0,0,0,0,0,0,2,0,0,0,0,0,0,0,0,0,0,855,5725,.14131005,.067772925,.017467249,.010655022,.0029694324,.25205168,47,8,8,13.215848,103.99176,21,0,0,0,YES,YES,No,No,02jul2026,wildest,hurricane cat,born wild,10,LA GENERACIÓN,https://arg-sales.com/remates/view/356,08-05-2025,11-05-2025
391,1,.017754335,.33450457,.7904312,.066489823,,.0339040926094269,-.032791972,.00062144175,-.058732715,.048959289,14.747945,11,.8888889,1,0,14,2,2.0345228,0,0,0,0,7,0,4,0,52,.096153848,0,0,0,0,0,11.71741573140025,.22533491,9,8,1,141,.15602838,.12056737,.028368793,6,1,2,.24903658,541,5423,.12299465,.071178317,.013645584,.010510787,.0007375991,.1983095,35,2,12,5.5715895,93.696976,14,99.091141,0,0,No,No,Yes,Yes,02jul2026,yuyu nistel,van nistelrooy,grand bijou,31,LA GENERACIÓN,https://arg-sales.com/remates/view/356,08-05-2025,11-05-2025
