rank,name,padrillo,M,Sire_Stk_Wnrs_Rnrs,MomSib_Sibs_at2y,Dam_Mean_T3_BSN,Dam_Raced_STK,Dam_Placed_STK,Dam_Total_Rcs,Best_Foal_Bsn,Best_Foal_Raced_Stk,Best_Foal_Placed_Stk,Dam_Sib_Total_G1G2,DamSibs_G1G2_Total,ownCharac,father,Fathsiblings,mother,Momsiblings,uncles,maternalParents,inbreedingCoefficient,M_age_at_birth,M_season,MomSib_Sibs_raced_at2y,MomSib_wnrs_STK_at2y,MSib_STK_won_at2y,MSib_mean_cumAEI_at2y,studbook_id,birth_month,criador,birth_eday,MomSib_wnrs3yo_at2y,FathSib_runshare_3yo,sex,Dam_Won_G1_STK,Dam_Won_STK,FathSibSTKWnrsPerRnr,FathSibSTKWnrsPerOffs,MSib_StkWnrs_Offs,FathSib_STKWinnersLast4Gens,FathSibSTKWnrShL4Gens,PS,PR,PRS,lote,haras,link,start,end_date,PRS_Value,offs_stk_rnrs,offs_stk_wnrs,sire_ps,f_STK_races_total_races,raced_won_g1_yn,cei_per_offs
278,HIT SONG,HIT IT A BOMB (USA),SING A LOVE SONG (USA),.054393306,6,,No,No,0,111.96629,YES,YES,7,.10294118,.25210798,.033300091,.29699951,-.21412468,.31480435,-.097443491,.020896606,0,15.342465,10,7,1,1,.36707172,420901,8,Firmamento,26aug2020,1,.72500002,2,0,0,.075000003,.036809817,.16666667,6,.04109589,.075238273,.89999998,.067714445,11,FIRMAMENTO,https://antoniobullrich.com/remates/venta-training-haras-firmamento-19h/lotes,25/08/2025,25/08/2025,14897.178,0,0,.33029962,.13583139,n-n-n,3.8542528
345,POTRI BOMB,HIT IT A BOMB (USA),POTRI CHECK,.054393306,4,119.15089,YES,YES,15,99.675163,No,No,0,0,.18802106,.033300091,.29699951,.058052242,.074285917,.02073586,.11324053,.0142701963195577,16.953424,10,3,0,0,.1601779,426868,7,Firmamento,24jul2021,0,.62204725,1,0,1,.062992126,.037558686,0,8,.04040404,.082998089,.81643546,.067762583,6,FIRMAMENTO,https://antoniobullrich.com/remates/venta-training-haras-firmamento-19h/lotes,25/08/2025,25/08/2025,14907.769,0,0,.33029962,.095828637,y-y-n,1.2413788
686,VALDOBBIA HIT,HIT IT A BOMB (USA),VALDOBBIA,.054393306,0,,No,No,0,87.039574,Yes,Yes,0,0,.17561972,.033300091,.29699951,.064173162,-.079621933,.035380766,-.034228131,.0297640866483562,5.8986301,5,0,0,0,0,427112,7,Firmamento,31jul2021,0,.62595421,1,0,0,.061068702,.036697246,0,8,.04040404,.06221173,.84814501,.052764568,10,FIRMAMENTO,https://antoniobullrich.com/remates/venta-training-haras-firmamento-19h/lotes,25/08/2025,25/08/2025,11608.205,0,0,.33029962,.094760314,n-n-n,
550,VITAMINA HIT,HIT IT A BOMB (USA),VITAMINA CAT,.054393306,5,,No,No,0,116.6833,YES,YES,2,.04255319,.088810623,.033300091,.29699951,-.053673446,.1903607,.0067277551,-.0057756631,.0147705078125,10.956164,7,4,1,1,.23480503,428423,9,Firmamento,18sep2021,1,.61702126,1,0,0,.056737587,.031872511,.2,8,.04040404,.06516619,.89588624,.058381494,9,FIRMAMENTO,https://antoniobullrich.com/remates/venta-training-haras-firmamento-19h/lotes,25/08/2025,25/08/2025,12843.929,0,0,.33029962,.093877554,n-n-n,1.7845182
481,REVIVILA,REMOTE (GB),VIVILA BIEN,.10130719,1,,No,No,0,93.43486,No,No,0,0,.20042235,.0051743509,.28830832,.079782665,-.079621933,.039475873,.038561188,0,7.7698631,5,1,0,0,0,428824,7,Firmamento,17jul2021,0,.41621622,1,0,0,.1027027,.056379821,0,13,.05284553,.075840764,.80351508,.060939196,5,FIRMAMENTO,https://antoniobullrich.com/remates/venta-training-haras-firmamento-19h/lotes,25/08/2025,25/08/2025,13406.623,0,0,.29348266,.095544823,n-n-n,0
135,ECOGRAFICO RIM,REMOTE (GB),ECOGRAFICA,.10130719,1,87.461716,No,No,6,97.384949,YES,YES,3,.125,.17538303,.0051743509,.28830832,.12768382,.088726558,.044071823,.038561188,.0196267121355049,8.9205475,5,2,0,0,.2139947,429727,10,Firmamento,10oct2021,1,.41538462,2,0,0,.097435899,.049479168,0,13,.05284553,.090466648,.89999998,.081419982,1,FIRMAMENTO,https://antoniobullrich.com/remates/venta-training-haras-firmamento-19h/lotes,25/08/2025,25/08/2025,17912.396,0,0,.29348266,.092479676,n-n-n,1.7119576
933,EMMA HAPPY,HI HAPPY,EMERIT CELEBRE,.046863191,4,107.11172,Yes,No,9,105.77143,YES,YES,17,.34,.058693111,.42911211,.10814442,-.13801664,.41497502,.029101118,-.0057756631,.0204996627289802,13.084931,7,4,1,1,.58936328,430115,10,Firmamento,05oct2021,2,.94117647,1,0,0,.05882353,.012578616,.25,2,.02247191,.061057191,.72944003,.044537559,8,FIRMAMENTO,https://antoniobullrich.com/remates/venta-training-haras-firmamento-19h/lotes,25/08/2025,25/08/2025,9798.2627,0,0,.53725654,.13043478,y-n-n,6.3356547
48,BLUCLETTE RIM,REMOTE (GB),BOUCLETTE HOLIDAY,.10130719,2,99.418274,No,No,16,114.46526,YES,YES,11,.171875,.15943849,.0051743509,.28830832,.11939511,.26517776,.052106142,.017833542,.0446586543694139,9.3013697,5,3,1,1,.81672239,430783,10,Firmamento,19oct2021,1,.41538462,2,0,0,.097435899,.04859335,.5,13,.05284553,.10675111,.89975089,.096049406,2,FIRMAMENTO,https://antoniobullrich.com/remates/venta-training-haras-firmamento-19h/lotes,25/08/2025,25/08/2025,21130.869,0,0,.29348266,.092835523,n-n-n,8.1672239
378,GIA GIA RIM,REMOTE (GB),PERUGIA GULCH,.10130719,5,101.96031,YES,YES,20,103.02926,Yes,No,0,0,.032118917,.0051743509,.28830832,.13211203,.1294305,-.0060486272,.032857578,.0222347693634219,13.241096,8,6,0,0,.21109053,430785,10,Firmamento,20oct2021,1,.41538462,1,0,1,.097435899,.048346058,0,13,.05284553,.076955907,.8619628,.06633313,3,FIRMAMENTO,https://antoniobullrich.com/remates/venta-training-haras-firmamento-19h/lotes,25/08/2025,25/08/2025,14593.289,0,0,.29348266,.092788704,y-y-n,2.2797778
395,LOGAN,REMOTE (GB),POTRI CHECK,.10130719,5,119.15089,YES,YES,15,99.675163,No,No,0,0,.15885085,.0051743509,.28830832,.042291701,.074302867,.019469745,.11313207,.0057449340820313,17.99452,10,3,0,0,.1601779,435155,8,Firmamento,08aug2022,0,.48582995,1,0,1,.085020244,.048951048,0,7,.029787235,.082017109,.76804793,.062993072,7,FIRMAMENTO,https://antoniobullrich.com/remates/venta-training-haras-firmamento-19h/lotes,25/08/2025,25/08/2025,13858.476,0,0,.29348266,.090719067,y-y-n,.99310303
1159,TEMPLE BLACK,SEAHENGE (USA),SHIRLEY TEMPLE,.023255814,0,90.572342,No,No,20,69.590492,No,No,0,0,.066726863,.09473972,.091248706,.085100651,-.079604983,-.097414352,.040599018,0,6.5397263,4,0,0,0,0,436819,9,Firmamento,29sep2022,0,.71084338,1,0,0,.036144577,.015,0,3,.020270269,.056763884,.72254813,.041014638,4,FIRMAMENTO,https://antoniobullrich.com/remates/venta-training-haras-firmamento-19h/lotes,25/08/2025,25/08/2025,9023.2207,0,0,.18598843,.077464789,n-n-n,
3110,SAME RIOT,VILLAGE KING,SAME PHILLY,,0,74.674416,No,No,8,,No,No,0,,.10262275,.25784409,-.18674262,.10236514,-.080099478,-.0068433434,-.0055495538,0,5.6630139,1,0,0,0,0,441747,7,Orilla Del Monte,01jul2023,0,0,1,0,0,0,0,0,0,0,.025947362,.57335031,.014876928,37,ORILLA DEL MONTE,https://antoniobullrich.com/remates/copa-bullrich-agosto-14h/lotes,28/08/2025,28/08/2025,3272.9243,0,0,.071101472,,n-n-n,
2507,PRETTY DARLING,TREASURE BEACH (GB),CRAZY FOR YOU,.040178571,0,47.761803,No,No,3,,No,No,0,,.014525473,-.092776299,.16908212,.062794626,-.080099478,.035757728,-.0055495538,0,5.9616437,1,0,0,0,0,442041,8,El Chañar,06aug2023,0,.53587443,1,0,0,.040358745,.026470589,0,3,.0099337753,.032691479,.66224021,.021649612,6,EL CHAÑAR,https://antoniobullrich.com/remates/copa-bullrich-agosto-14h/lotes,28/08/2025,28/08/2025,4762.9146,0,0,.076305822,.067761809,n-n-n,
362,TODOS ESCUCHEN,IL CAMPIONE (CHI),WAN ZUN KEY,.098039217,0,65.661194,No,No,3,,No,No,0,,.21104065,-.02325809,.41587541,.066235274,-.080099478,.07538905,-.0055495538,0,5.7917809,1,0,0,0,0,442213,7,Goyanes Marcelo Daniel - Mara Ferre S.R.L.,08jul2023,0,.5850144,2,0,0,.092219017,.055944055,0,28,.057026476,.087672934,.84825569,.074369065,8,FERRE,https://antoniobullrich.com/remates/copa-bullrich-agosto-14h/lotes,28/08/2025,28/08/2025,16361.194,0,0,.39261732,.12908681,n-n-n,
1035,LA MAQUINOLA,GOUVERNEUR MORRIS (USA),LUCKY MAMMA,.046863191,6,38.315922,No,No,3,102.85555,Yes,No,0,0,.16533452,.34296405,.25490579,-.092260957,.15437572,.02258826,-.0055495538,0,11.90137,9,6,0,0,.15298508,442349,8,La Pasion,04aug2023,0,1,1,0,0,.1,.02,0,2,.024691358,.062745579,.80952591,.050794173,2,LA PASIÓN,https://antoniobullrich.com/remates/copa-bullrich-agosto-14h/lotes,28/08/2025,28/08/2025,11174.718,0,0,.59786987,.22916667,n-n-n,1.3513682
2563,LENGUAJE KAKAN,LIZARD ISLAND (USA),STAY COOL,.04148148,3,105.75739,Yes,No,19,87.805901,No,No,0,0,.12294334,-.13447925,.14687805,-.054687679,.036060482,-.011396632,-.075254738,0,11.772603,7,3,0,0,.20054592,442556,8,Mara Ferre S.R.L.,13aug2023,0,.38962963,2,0,0,.04148148,.029504742,0,7,.032258064,.026252894,.79882455,.020971457,19,FERRE,https://antoniobullrich.com/remates/copa-bullrich-agosto-14h/lotes,28/08/2025,28/08/2025,4613.7202,0,0,.012398794,.052002463,y-n-n,.60163778
2375,SIXTIES ROMAN,SIXTIES SONG,REALIDAD ROMANA,0,1,66.545723,No,No,3,,No,No,0,,.15230912,-.034924924,-.035915941,.25867379,-.080099478,.043788768,.0094744824,0,8.936986,7,0,0,0,0,442695,8,Perez Francisco Federico,01aug2023,0,.66666669,2,0,0,0,0,0,0,0,.031459875,.74765491,.023521131,35,ESTABLECIMIENTO MARIANA EVA,https://antoniobullrich.com/remates/copa-bullrich-agosto-14h/lotes,28/08/2025,28/08/2025,5174.6489,0,0,-.070840865,.058295965,n-n-n,0
1079,COOL FRANCIS,COOL DAY,POR TI SI,,6,85.667099,No,No,4,116.06734,YES,Yes,1,.012820513,.14741486,.27636844,-.18673711,-.16172373,.16613385,-.00332129,.045226172,0,13.79452,10,7,1,1,.21648131,442696,8,Perez Francisco Federico,03aug2023,2,0,2,0,0,0,0,.16666667,0,0,.062721223,.79242003,.049701553,20,ESTABLECIMIENTO MARIANA EVA,https://antoniobullrich.com/remates/copa-bullrich-agosto-14h/lotes,28/08/2025,28/08/2025,10934.342,0,0,.089631334,,n-n-n,2.8142571
2522,DABLAMA,IL MERCATO,DESCONSOLADA,.016393442,0,86.492783,No,No,9,,No,No,0,,.15293324,.0074618757,.019833118,.090683162,-.080099478,.0086325184,.038787298,0,6.0465755,1,0,0,0,0,442730,8,La Pasion,11aug2023,0,.60655737,1,0,0,.016393442,.0070921984,0,1,.0080645159,.027846925,.77047998,.021455498,29,LA PASIÓN,https://antoniobullrich.com/remates/copa-bullrich-agosto-14h/lotes,28/08/2025,28/08/2025,4720.2095,0,0,.027294993,.055555556,n-n-n,
1485,EL THOR,FORGE (GB),TOPSHOP,.041666668,2,101.65689,No,No,7,93.141464,No,No,0,0,.051976085,.007409811,.094491631,.066315651,.0021616146,-.021390125,-.0055495538,0,9.8767128,7,2,0,0,.11961202,442950,9,Mara Ferre S.R.L.,11sep2023,0,.5625,2,0,0,.041666668,.023668639,0,4,.026666667,.043853357,.8973366,.039351221,30,FERRE,https://antoniobullrich.com/remates/copa-bullrich-agosto-14h/lotes,28/08/2025,28/08/2025,8657.2686,0,0,.10190144,.080229223,n-n-n,1.7343743
2369,FUEGO IMPONENTE,SEAHENGE (USA),AIR FIVE,.023255814,2,113.58091,No,No,19,77.136215,No,No,0,0,.076447546,.09473972,.091248706,-.08738631,-.025076341,-.026771814,.04737246,0,12.136987,7,2,0,0,.12160021,442951,9,Mara Ferre S.R.L.,01sep2023,0,.63565892,2,0,0,.023255814,.012,0,3,.013636364,.028544568,.82593924,.023576079,21,FERRE,https://antoniobullrich.com/remates/copa-bullrich-agosto-14h/lotes,28/08/2025,28/08/2025,5186.7373,0,0,.18598843,.059311982,n-n-n,1.155202
1994,TAMPA CAMP,IL CAMPIONE (CHI),TAMPA DREAM,.098039217,0,,No,No,0,,No,No,0,,-.044206083,-.02325809,.41587541,.084972173,-.080099478,.035661258,-.0055495538,0,8.0410957,5,0,0,0,0,443141,8,Orilla Del Monte,30aug2023,0,.5854342,1,0,0,.098039217,.057003256,0,31,.063136458,.050714634,.58830607,.029835727,1,ORILLA DEL MONTE,https://antoniobullrich.com/remates/copa-bullrich-agosto-14h/lotes,28/08/2025,28/08/2025,6563.8599,0,0,.39261732,.12734184,n-n-n,
2392,RABIETA KIIN HA,SOVEREIGN (IRE),RAVELLA,.046863191,0,,No,No,2,,No,No,0,,-.014840305,.25604233,-.18673536,.1953668,-.080099478,-.0089505017,-.0055495538,0,5.9095888,1,0,0,0,0,443446,8,Barreca Edgardo Ruben,18aug2023,0,0,1,0,0,0,0,0,0,0,.042840082,.54321361,.023271315,14,LA CAÑADA,https://antoniobullrich.com/remates/copa-bullrich-agosto-14h/lotes,28/08/2025,28/08/2025,5119.6895,0,0,.06930697,,n-n-n,
3025,HEROE CON GLORIA,MARCONI (USA),OPEN STAR,.046863191,8,106.63486,No,No,18,101.04022,Yes,No,0,0,.059317529,.093530744,-.093851596,-.2186991,.06473802,.016983666,-.0055495538,0,16.882193,10,5,0,0,.11043924,443467,9,La Gringa,08sep2023,0,.64999998,2,0,0,.050000001,.012658228,0,1,.018181818,.02284018,.69396096,.015850194,22,LA GRINGA,https://antoniobullrich.com/remates/copa-bullrich-agosto-14h/lotes,28/08/2025,28/08/2025,3487.0427,0,0,-.0003208518,.040816326,n-n-n,.82829434
2031,DARUMA,NICHOLAS,DOWNHILL DANCER (IRE),0,1,,No,No,0,,No,No,0,,.1156019,.16807084,-.16010197,.045041829,-.080099478,-.098637812,.038787298,0,13.290411,7,0,0,0,0,443513,8,La Leyenda De Areco,16aug2023,0,1,2,0,0,0,0,0,0,0,.044711228,.65359098,.029222855,27.200001,LA LEYENDA,https://antoniobullrich.com/remates/copa-bullrich-agosto-14h/lotes,28/08/2025,28/08/2025,6429.0283,0,0,.0079688728,.041666668,n-n-n,0
3584,SANDINA GIRL,SANDINO RULER,HADA GIRL,,0,68.339172,No,No,4,,No,No,0,,.036549747,.13667655,-.18862788,.082527995,-.080099478,-.022677742,.048503425,0,8.9616442,7,0,0,0,0,443625,7,Bingo Horse S.A.,28jul2023,0,0,1,0,0,0,0,0,0,0,.02417361,.41478384,.010026823,34,EGALITE DE 9,https://antoniobullrich.com/remates/copa-bullrich-agosto-14h/lotes,28/08/2025,28/08/2025,2205.9011,0,0,-.051951334,,n-n-n,
2161,REY SANDINO,SANDINO RULER,SU REINADO,,7,90.652634,No,No,7,103.86948,Yes,No,0,0,.11804909,.13667655,-.18862788,-.19879323,.10686432,.025448345,.011620779,0,15.947946,10,6,0,0,.17854166,443627,8,Mautone Daniel Dario,15aug2023,2,0,2,0,0,0,0,0,0,0,.03504239,.76548606,.026824461,27,EGALITE DE 9,https://antoniobullrich.com/remates/copa-bullrich-agosto-14h/lotes,28/08/2025,28/08/2025,5901.3813,0,0,-.051951334,,n-n-n,.91821426
476,CHOLO GUILLERMO,LIZARD ISLAND (USA),PRADA STAR,.04148148,1,91.18071,No,No,20,104.96843,YES,No,1,.071428575,.13762623,-.13447925,.14687805,.072101325,.23792897,.0016300157,-.0055495538,0,9.8986301,7,1,0,0,.29996344,443809,8,Mara Ferre S.R.L.,07aug2023,0,.38962963,2,0,0,.04148148,.029629629,0,7,.032258064,.082870878,.83359778,.069080979,17,FERRE,https://antoniobullrich.com/remates/copa-bullrich-agosto-14h/lotes,28/08/2025,28/08/2025,15197.815,0,0,.012398794,.052047361,n-n-n,4.1994882
4645,MANATIALES,MARANESI,COPYIST,0,2,83.318321,No,No,25,83.38623,No,No,0,0,.091130435,-.14614148,-.16881779,-.20202065,-.034223098,-.021017395,.00088931993,0,14.90137,7,2,0,0,.094441764,443818,8,La Justina,26aug2023,0,.30000001,2,0,0,0,0,0,0,0,.0048435261,.71268624,.0034519143,39,FERRE,https://antoniobullrich.com/remates/copa-bullrich-agosto-14h/lotes,28/08/2025,28/08/2025,759.42114,0,0,-.31495929,.014285714,n-n-n,1.2277429
1181,FOLK MUSIC,PNEUMATIC (USA),SOUND MUSIC,.046863191,5,118.46753,YES,Yes,46,89.658272,YES,No,1,.055555556,-.063783228,.37221572,-.073950261,.14478207,.030588552,-.0013662353,-.0055495538,0,15.049315,8,4,0,0,.11767484,443835,9,El Chañar,07sep2023,1,0,1,0,1,0,0,0,0,0,.067198202,.70079827,.047092386,11,EL CHAÑAR,https://antoniobullrich.com/remates/copa-bullrich-agosto-14h/lotes,28/08/2025,28/08/2025,10360.325,0,0,.29826546,,y-y-n,.42362943
508,SCRATCHING,LUCULLAN (USA),SCAT SCRATCH FEVER (USA),.07272727,3,,No,No,0,71.906235,No,No,0,0,-.076018989,.0092149973,.20800182,.27828434,-.036539491,-.098637812,.022062797,0,9.4054794,6,2,0,0,.094399333,444029,9,La Leyenda De Areco,12sep2023,0,.72727275,1,0,0,.07272727,.025477707,0,4,.031746034,.09526819,.71370286,.067993179,25,LA LEYENDA,https://antoniobullrich.com/remates/copa-bullrich-agosto-14h/lotes,28/08/2025,28/08/2025,14958.499,0,0,.21721682,.080118693,n-n-n,.37759733
1970,NO DEBO PLATA,PUERTO ESCONDIDO,MY SILVER GIRL,.021052632,1,98.643517,No,No,6,84.046989,No,No,0,0,-.068677545,.066238612,.024513692,.17234179,.050580472,-.00039175898,-.0055495538,0,8.0191784,7,1,0,0,.22874913,444203,9,Chaker Norberto Julio,09sep2023,0,.44210526,1,0,0,.021052632,.008510638,0,2,.0094339624,.037861474,.79952145,.030271061,38,OLIVITO,https://antoniobullrich.com/remates/copa-bullrich-agosto-14h/lotes,28/08/2025,28/08/2025,6659.6333,0,0,.090752304,.028776979,n-n-n,1.829993
2476,PENNY BOOM,HIT IT A BOMB (USA),NISTEL SEITER,.054393306,4,103.66908,YES,YES,16,91.261803,No,No,0,0,-.1396448,.033300091,.29699951,.15622205,-.049351253,.032174982,-.0055495538,.0175804603495635,13.060274,7,3,0,0,.14314072,444205,10,Ralba S.A.,08oct2023,0,.61087865,1,0,1,.054393306,.032019705,0,6,.021276595,.029166084,.75898969,.022136757,32,OLIVITO,https://antoniobullrich.com/remates/copa-bullrich-agosto-14h/lotes,28/08/2025,28/08/2025,4870.0864,0,0,.33029962,.075683594,y-y-n,.60834801
5055,FLOR DE CARDON,MARANESI,BASE CULTURAL,0,0,,No,No,0,,No,No,0,,-.10049045,-.14614148,-.16881779,.06223917,-.080099478,.029154025,-.075254738,0,5.9945207,2,0,0,0,0,444363,9,Ferre,22sep2023,0,.30000001,1,0,0,0,0,0,0,0,.0059937672,.34812999,.0020866101,46,FERRE,https://antoniobullrich.com/remates/copa-bullrich-agosto-14h/lotes,28/08/2025,28/08/2025,459.05423,0,0,-.31495929,.014285714,n-n-n,
1168,COOL ROMANO,COOL DAY,INDIA ROMANA,,1,82.557549,No,No,6,87.909531,No,No,0,0,.10581332,.27636844,-.18673711,.17243472,-.045251489,.043788768,.0094744824,0,8.8739729,7,1,0,0,.12895086,444765,8,Perez Francisco Federico,20aug2023,0,0,2,0,0,0,0,0,0,0,.060326312,.78692025,.047471996,28,ESTABLECIMIENTO MARIANA EVA,https://antoniobullrich.com/remates/copa-bullrich-agosto-14h/lotes,28/08/2025,28/08/2025,10443.839,0,0,.089631334,,n-n-n,1.934263
874,FIRENZE BEACH,TREASURE BEACH (GB),GRAN TOSCANA,.040178571,2,117.13239,YES,YES,26,99.383507,No,No,0,0,-.0067554116,-.092776299,.16908212,.28040826,.069249049,.013538174,-.0012569688,.0196583728829864,11.164384,7,2,0,0,.23811138,444777,10,Perez Francisco Federico,05oct2023,0,.53571427,2,0,1,.040178571,.024423338,0,3,.0099337753,.070565484,.79577684,.056154378,9,ESTABLECIMIENTO MARIANA EVA,https://antoniobullrich.com/remates/copa-bullrich-agosto-14h/lotes,28/08/2025,28/08/2025,12353.963,0,0,.076305822,.06731946,y-y-n,1.6667796
4796,PORTEZUELO,PINBALL WIZARD,PERFUME DE MUJER (USA),,3,90.228813,No,No,10,81.514091,No,No,0,0,.039740384,.21255846,-.18862788,-.20354855,-.014759503,-.011845335,.0629481,0,16.539726,10,2,0,0,.14777535,444909,9,Mara Ferre S.R.L.,16sep2023,0,0,2,0,0,0,0,0,0,0,.0068114111,.41904414,.0028542818,40,FERRE,https://antoniobullrich.com/remates/copa-bullrich-agosto-14h/lotes,28/08/2025,28/08/2025,627.94202,0,0,.023930579,,n-n-n,.39406762
3647,ROXELANA,MARANESI,MARCCELA,0,4,,No,No,0,102.97248,Yes,No,0,0,-.063783228,-.14614148,-.16881779,-.11850584,.18305944,-.034872137,-.0055495538,0,11.926027,8,4,0,0,.17078906,444910,9,Mara Ferre S.R.L.,07sep2023,0,.30000001,1,0,0,0,0,0,0,0,.014183776,.66803467,.0094752545,44,FERRE,https://antoniobullrich.com/remates/copa-bullrich-agosto-14h/lotes,28/08/2025,28/08/2025,2084.5559,0,0,-.31495929,.014285714,n-n-n,1.9640743
3859,MUJERES POPULARES,UNCLE CHUCK (USA),ATENCION PUBLICA (USA),.046863191,3,79.139732,No,No,7,87.38662,No,No,0,0,-.11027902,.3158451,-.14233865,-.10026997,-.0054252148,-.098637812,.038787298,0,13.572602,8,2,0,0,.14393899,444917,9,Mara Ferre S.R.L.,26sep2023,0,0,1,0,0,0,0,0,0,0,.011628252,.65644354,.0076332912,10,FERRE,https://antoniobullrich.com/remates/copa-bullrich-agosto-14h/lotes,28/08/2025,28/08/2025,1679.3241,0,0,.17350645,,n-n-n,.33585763
1558,INVENTO ARGENTINO,UNCLE CHUCK (USA),INCULCADA,.046863191,1,89.545494,Yes,No,14,67.982399,No,No,0,0,-.001861155,.3158451,-.14233865,.11436605,-.080099478,.022274293,-.0012569688,.0402450739056803,10.057534,7,1,0,0,.012447489,444974,10,Mara Ferre S.R.L.,03oct2023,0,0,2,0,0,0,0,0,0,0,.043348357,.87462091,.037913378,13,FERRE,https://antoniobullrich.com/remates/copa-bullrich-agosto-14h/lotes,28/08/2025,28/08/2025,8340.9434,0,0,.17350645,,y-n-n,.024894979
587,SERENA FE,DADDY LONG LEGS (USA),CEDAR GROVE (USA),.075581394,5,,No,No,0,116.52614,Yes,No,0,0,-.036864638,-.019984305,.34271309,.0034598708,.34601384,-.0076806769,.011708166,0,15.364384,10,4,0,0,.25906146,444976,8,El Chañar,27aug2023,0,.68023258,1,0,0,.075581394,.038690478,0,13,.043624163,.089900002,.7236281,.065054171,3,EL CHAÑAR,https://antoniobullrich.com/remates/copa-bullrich-agosto-14h/lotes,28/08/2025,28/08/2025,14311.918,0,0,.32272878,.11640212,n-n-n,3.0569251
1186,RABO DE JUNCO,GOUVERNEUR MORRIS (USA),RAIZGUANA,.046863191,0,92.366508,YES,No,6,,No,No,0,,.18990043,.34296405,.25490579,.18425789,-.080099478,.0055962801,-.0055495538,0,4.9342465,1,0,0,0,0,445002,9,La Pasion,30sep2023,0,.95454544,2,0,0,.090909094,.011976048,0,2,.024691358,.058742881,.80036789,.047015917,5,LA PASIÓN,https://antoniobullrich.com/remates/copa-bullrich-agosto-14h/lotes,28/08/2025,28/08/2025,10343.502,0,0,.59786987,.21568628,y-n-n,
4154,COOPTADA,LONG ISLAND SOUND (USA),COOSTENTADA,.020547945,3,7.3630166,No,No,1,94.254417,Yes,No,0,0,-.085807562,.011430383,.012492433,.014426947,.12745301,-.0011244193,-.075254738,0,10.131507,7,2,0,0,.18902509,445106,9,Perez Francisco Federico,16sep2023,1,.49315068,1,0,0,.020547945,.0082644625,0,3,.0087463558,.010104837,.57370496,.0057971952,48,ESTABLECIMIENTO MARIANA EVA,https://antoniobullrich.com/remates/copa-bullrich-agosto-14h/lotes,28/08/2025,28/08/2025,1275.3829,0,0,.023922816,.044117648,n-n-n,.9451254
1816,COPO DULCE,PUERTO ESCONDIDO,SABOR DULCE,.021052632,0,95.431305,No,No,10,,No,No,0,,.034846067,.066238612,.024513692,.16465536,-.080099478,.043788768,.0094744824,0,8.0849314,3,0,0,0,0,445240,9,Ralba S.A.,18sep2023,0,.44210526,2,0,0,.021052632,.0082644625,0,2,.0094339624,.043353286,.76396006,.033120178,36,OLIVITO,https://antoniobullrich.com/remates/copa-bullrich-agosto-14h/lotes,28/08/2025,28/08/2025,7286.439,0,0,.090752304,.028776979,n-n-n,
1751,NO LO GRITES,PUERTO ESCONDIDO,RABAL,.021052632,1,99.147881,Yes,No,13,81.71627,No,No,0,0,.027504623,.066238612,.024513692,.14813948,-.045251489,-.01191093,.038787298,0,8.2109585,7,1,0,0,.188133,445241,9,Chaker Norberto Julio,21sep2023,0,.44210526,2,0,0,.021052632,.0081967209,0,2,.0094339624,.037998043,.89999998,.034198239,33,OLIVITO,https://antoniobullrich.com/remates/copa-bullrich-agosto-14h/lotes,28/08/2025,28/08/2025,7523.6128,0,0,.090752304,.028776979,y-n-n,2.821995
3405,LIDA,NICHOLAS,LA BUSANDA,0,0,78.456589,No,No,6,,No,No,0,,-.15922201,.16807084,-.16010197,.10328263,-.080099478,.002633065,-.03091789,.0174709697603248,6.2219176,5,0,0,0,0,445323,10,La Leyenda De Areco,16oct2023,0,1,1,0,0,0,0,0,0,0,.019486144,.60124946,.011716033,18,LA LEYENDA,https://antoniobullrich.com/remates/copa-bullrich-agosto-14h/lotes,28/08/2025,28/08/2025,2577.5273,0,0,.0079688728,.040816326,n-n-n,
3559,SIR CHARLES,UNCLE CHUCK (USA),GRAN FIGURITA,.046863191,4,76.229393,No,No,16,97.671837,No,No,0,0,-.053251207,.3158451,-.14233865,-.19975758,-.080099478,-.0030516237,-.0012569688,.0139849846018478,15.035617,10,4,0,0,.054481916,445584,10,Doña Pancha,24oct2023,0,0,2,0,0,0,0,0,0,0,.012517752,.81771725,.010235982,15,DOÑA PANCHA,https://antoniobullrich.com/remates/copa-bullrich-agosto-14h/lotes,28/08/2025,28/08/2025,2251.916,0,0,.17350645,,n-n-n,.49033725
2278,THE POPE,PUERTO ESCONDIDO,LA VATICANA,.021052632,1,101.60356,No,No,13,80.261948,No,No,0,0,-.097299874,.066238612,.024513692,.14788151,-.080099478,.043788768,.053811334,.0413404722348787,8.1890411,6,1,0,0,.076588638,446390,11,Chaker Norberto Julio,11nov2023,0,.44210526,2,0,0,.021052632,.0075471699,0,2,.0094339624,.028156567,.88700843,.024975112,50,OLIVITO,https://antoniobullrich.com/remates/copa-bullrich-agosto-14h/lotes,28/08/2025,28/08/2025,5494.5244,0,0,.090752304,.028776979,n-n-n,.61270911
3889,BAYO TALENT,EQUAL TALENT,BASHA GIRL,.015267176,4,94.307098,No,No,15,106.36487,YES,YES,3,.15789473,-.001861155,-.11677575,.081520379,-.16855103,.12613072,-.026252925,-.0443152,.0315377097576857,14.991781,8,3,1,1,.42234188,446421,10,Bingo Horse S.A. - Asebel S.A.,03oct2023,0,.36641222,2,0,0,.015267176,.0060790274,.25,1,.0040322579,.011789768,.62585169,.0073786462,26,EGALITE DE 9,https://antoniobullrich.com/remates/copa-bullrich-agosto-14h/lotes,28/08/2025,28/08/2025,1623.3021,0,0,-.035255373,.062363237,n-n-n,2.006124
4185,CLAUDINA RULER,SANDINO RULER,CLAUDETTE,,0,,No,No,0,,No,No,0,,-.18124634,.13667655,-.18862788,.082593471,-.080099478,-.0058276504,-.0055495538,.0365735136729199,5.2630138,5,0,0,0,0,446424,10,Mautone Daniel Dario,25oct2023,0,0,1,0,0,0,0,0,0,0,.011246067,.50161052,.0056411456,43,EGALITE DE 9,https://antoniobullrich.com/remates/copa-bullrich-agosto-14h/lotes,28/08/2025,28/08/2025,1241.052,0,0,-.051951334,,n-n-n,
3099,SANDINO REAL,SANDINO RULER,UNREAL LAND,,0,96.965866,No,No,21,,No,No,0,,-.080169857,.13667655,-.18862788,.11297742,-.080099478,.0086325184,-.0055495538,.0206844201311469,8.2602739,5,0,0,0,0,446426,11,Mautone Daniel Dario,04nov2023,0,0,2,0,0,0,0,0,0,0,.021942776,.68168092,.014957972,47,EGALITE DE 9,https://antoniobullrich.com/remates/copa-bullrich-agosto-14h/lotes,28/08/2025,28/08/2025,3290.7539,0,0,-.051951334,,n-n-n,
3576,ZOYKA KIIN HA,SEÑOR CANDY (USA),WILLKA CAT,.045801528,1,89.659523,No,No,7,,No,No,0,,-.10538477,-.20836741,.26758572,.015086234,-.080099478,.022902459,.038787298,0,11.035617,5,0,0,0,0,446733,9,Barreca Erika Noel,24sep2023,0,.52290076,1,0,0,.045801528,.024340771,0,8,.028776979,.0165675,.60877532,.010085885,7,LA CAÑADA,https://antoniobullrich.com/remates/copa-bullrich-agosto-14h/lotes,28/08/2025,28/08/2025,2218.8948,0,0,.059218317,.0805915,n-n-n,0
3962,INVINCIBLE ORPEN,EMOTION ORPEN,IMAGINADORA,.046863191,3,98.459755,No,No,16,47.431007,No,No,0,0,-.080169857,.47424322,-.18682772,-.10171032,-.080099478,.035709448,-.0055495538,.021697998046875,12.263014,7,2,0,0,.025638178,446795,11,Perez Francisco Federico,04nov2023,0,0,2,0,0,0,0,0,0,0,.010366625,.66987109,.0069443025,16,ESTABLECIMIENTO MARIANA EVA,https://antoniobullrich.com/remates/copa-bullrich-agosto-14h/lotes,28/08/2025,28/08/2025,1527.7466,0,0,.2874155,,n-n-n,.042730298
2577,PUNY JOY,ROMAN JOY,PUNKY CATCHER,.071428575,6,101.19039,No,No,20,103.20713,No,No,0,0,.056870401,.15724495,.15163761,-.21378511,.11869818,-.0041827485,-.0055495538,0,16.013699,10,7,0,0,.1366531,447031,9,Orilla Del Monte,09sep2023,1,.85714287,2,0,0,.071428575,.016666668,0,1,.023255814,.028063163,.74142146,.020806631,12,ORILLA DEL MONTE,https://antoniobullrich.com/remates/copa-bullrich-agosto-14h/lotes,28/08/2025,28/08/2025,4577.459,0,0,.30888256,.1891892,n-n-n,1.3665309
3597,MR JOY BOY,ROMAN JOY,MEET CATCHER,.071428575,3,,No,No,0,24.997173,No,No,0,0,-.0067554116,.15724495,.15163761,-.12958592,-.080099478,.014069743,-.0055495538,.02721013588598,12.150685,7,1,0,0,0,447035,10,Orilla Del Monte,05oct2023,0,.85714287,2,0,0,.071428575,.014084507,0,1,.023255814,.017775616,.55864215,.0099302083,23,ORILLA DEL MONTE,https://antoniobullrich.com/remates/copa-bullrich-agosto-14h/lotes,28/08/2025,28/08/2025,2184.6458,0,0,.30888256,.1891892,n-n-n,0
3380,EMPERADOR BRAVO,IMPERADOR,BARBARA BREW (USA),,4,97.410339,No,No,16,96.316803,No,No,0,0,.0054802895,.20894891,-.21080855,-.15551382,-.036539491,-.0081586689,.038787298,0,14.180822,9,3,0,0,.12869269,447181,9,La Justina,30sep2023,1,0,2,0,0,0,0,0,0,0,.025993021,.46106541,.011984483,24,FERRE,https://antoniobullrich.com/remates/copa-bullrich-agosto-14h/lotes,28/08/2025,28/08/2025,2636.5864,0,0,-.0018596351,,n-n-n,.38607803
2060,ROJO ARGENTINO,SEÑOR CANDY (USA),DE ROJO CARMESI,.045801528,0,102.87368,No,No,7,,No,No,0,,-.023885429,-.20836741,.26758572,.13851014,-.080099478,.0431275,-.0055495538,.0343360366241541,7.0219178,5,0,0,0,0,447217,10,Mara Ferre S.R.L.,12oct2023,0,.52290076,2,0,0,.045801528,.023762377,0,8,.028776979,.036846578,.78149986,.028795596,4,FERRE,https://antoniobullrich.com/remates/copa-bullrich-agosto-14h/lotes,28/08/2025,28/08/2025,6335.0313,0,0,.059218317,.0805915,n-n-n,
355,HURACAN DE ARECO,IL CAMPIONE (CHI),KATRINA INC,.098039217,2,110.15852,Yes,Yes,31,78.186989,No,No,0,0,.12783766,-.02325809,.41587541,.1674788,-.080099478,.017095342,.0094744824,0,10.879452,8,1,0,0,.033860877,447535,8,Ibañez Alberto Ruben,11aug2023,0,.5854342,2,0,1,.098039217,.05952381,0,31,.063136458,.083379678,.89740747,.074825548,10.2,PARQUE PATRICIOS,https://antoniobullrich.com/remates/copa-bullrich-agosto-14h/lotes,28/08/2025,28/08/2025,16461.621,0,0,.39261732,.12756078,y-y-n,.11851306
951,SU MAJESTAD,COSMIC TRIGGER,DONDE SERAS REINA,.074074075,2,,No,No,0,88.420891,No,No,0,0,-.045909762,-.057966471,.37918022,.07803461,-.080099478,.043699868,.053811334,.0521027577342466,9.1041098,7,3,0,0,.065300025,447685,10,Muñoz Maria Cristina,21oct2023,0,.46666667,2,0,0,.074074075,.036697246,0,12,.035190616,.062439539,.85870796,.053617328,11.2,PARQUE PATRICIOS,https://antoniobullrich.com/remates/copa-bullrich-agosto-14h/lotes,28/08/2025,28/08/2025,11795.813,0,0,.32121375,.10441044,n-n-n,.45710018
2907,TORTONI,MARCONI (USA),ELLIS ISLAND,.046863191,0,79.730064,No,No,9,,No,No,0,,-.033674061,.093530744,-.093851596,.11630407,-.080099478,.022902459,.038787298,.0149956834502518,5.1506848,1,0,0,0,0,447962,10,Muñoz Maria Cristina,16oct2023,0,.64999998,2,0,0,.050000001,.010638298,0,1,.018181818,.022431128,.76403809,.017138235,25.200001,PARQUE PATRICIOS,https://antoniobullrich.com/remates/copa-bullrich-agosto-14h/lotes,28/08/2025,28/08/2025,3770.4119,0,0,-.0003208518,.040816326,n-n-n,
2302,BELLO SANDI,SANDINO RULER,CATCH BELLEZZA,,0,,No,No,0,,No,No,0,,.037293196,.13667655,-.18862788,.15203112,-.080099478,.014069743,-.0055495538,0,3.9479451,1,0,0,0,0,448337,9,Mautone Daniel Dario,17sep2023,0,0,2,0,0,0,0,0,0,0,.038686149,.63390493,.02452334,31,EGALITE DE 9,https://antoniobullrich.com/remates/copa-bullrich-agosto-14h/lotes,28/08/2025,28/08/2025,5395.1348,0,0,-.051951334,,n-n-n,
4225,SANDI CANYOU,SANDINO RULER,CANYOUSELLITNOW,,6,108.8967,YES,No,8,100.34511,No,No,0,0,-.2057178,.13667655,-.18862788,.013930738,-.023300149,.0014841408,.010334831,.0251643257506657,14.252055,10,4,0,0,.18881315,449520,11,Bingo Horse S.A.,04nov2023,0,0,1,0,0,0,0,0,0,0,.010477236,.51379108,.0053831106,49,EGALITE DE 9,https://antoniobullrich.com/remates/copa-bullrich-agosto-14h/lotes,28/08/2025,28/08/2025,1184.2843,0,0,-.051951334,,y-n-n,.66084599
3117,SANDI SAM,SANDINO RULER,GIRALDA SAM,,1,,No,No,0,,No,No,0,0,-.058145523,.13667655,-.18862788,.085811287,-.080099478,-.010227241,-.0055495538,.0191889505367726,8.0931511,5,1,0,0,.029365882,449551,10,Atlantica De Juegos S.A.,26oct2023,0,0,2,0,0,0,0,0,0,0,.024771735,.59712863,.014791912,41,EGALITE DE 9,https://antoniobullrich.com/remates/copa-bullrich-agosto-14h/lotes,28/08/2025,28/08/2025,3254.2207,0,0,-.051951334,,n-n-n,.058731765
3065,SANDI TALENT,SANDINO RULER,RONSIÑA TALENT,,1,,No,No,0,91.972755,No,No,0,0,-.094852746,.13667655,-.18862788,.059899658,.050580472,-.017048962,-.075254738,.0259746194351465,6.1698632,6,2,0,0,.14993444,450366,11,Mautone Daniel Dario,10nov2023,0,0,2,0,0,0,0,0,0,0,.023715844,.64626032,.015326609,45,EGALITE DE 9,https://antoniobullrich.com/remates/copa-bullrich-agosto-14h/lotes,28/08/2025,28/08/2025,3371.854,0,0,-.051951334,,n-n-n,1.1994755
